,Purchase,Age,Marital_Status,Stay_In_Current_City_Years,Gender,City_Category,Occupation,User_ID,Log_Num_Users,Product_Category_1
0,13353,0,0,0,0.30265486725663715,0,12,1130,7.029972911706386,3
1,10129,0,0,0,0.2398921832884097,0,12,371,5.916202062607435,3
2,5201,0,1,1,0.2815126050420168,0,0,238,5.472270673671475,5
3,5178,0,0,0,0.5,0,5,92,4.5217885770490405,5
4,5211,0,1,1,0.3424657534246575,1,4,146,4.983606621708336,5
5,12015,0,0,0,0.138671875,0,0,512,6.238324625039508,1
6,7075,0,1,1,0.4789915966386555,0,12,238,5.472270673671475,5
7,10028,1,1,0,0.3888888888888889,1,10,36,3.58351893845611,8
8,4123,0,1,1,0.12962962962962962,0,1,54,3.9889840465642745,1
9,11376,0,0,0,0.15182186234817813,0,0,494,6.202535517187923,1
10,3613,0,1,0,0.3723776223776224,0,2,572,6.349138991379798,5
11,1897,0,1,1,0.13131313131313133,0,16,99,4.59511985013459,5
12,10931,0,1,0,0.29508196721311475,1,17,61,4.110873864173311,3
13,3951,0,1,0,0.1566265060240964,0,15,83,4.418840607796598,8
14,3945,0,1,0,0.16176470588235295,0,4,68,4.219507705176107,8
15,6129,0,0,0,0.2034383954154728,1,3,349,5.855071922202427,11
16,5857,0,0,0,0.5011135857461024,0,16,449,6.1070228877422545,8
17,4107,0,1,0,0.17105263157894737,1,7,76,4.330733340286331,8
18,7178,0,1,0,0.23444976076555024,0,13,209,5.342334251964811,5
19,4488,0,1,0,0.07692307692307693,1,0,91,4.51085950651685,11
20,15560,0,1,0,0.2129120879120879,0,1,728,6.590301048196686,1
21,16373,0,1,1,0.24615384615384617,1,0,195,5.272999558563747,6
22,16257,0,1,0,0.15151515151515152,0,12,66,4.189654742026425,2
23,6031,0,0,0,0.2553846153846154,1,14,325,5.783825182329737,8
24,5900,0,0,0,0.3176691729323308,0,1,532,6.2766434893416445,8
25,7929,0,1,0,0.3064516129032258,0,10,62,4.127134385045092,8
26,8042,0,1,0,0.6666666666666666,0,6,39,3.6635616461296463,8
27,11237,0,1,0,0.5903614457831325,0,20,83,4.418840607796598,14
28,12992,0,1,1,0.2191780821917808,0,0,219,5.389071729816501,2
29,6100,0,0,0,0.24324324324324326,0,11,37,3.6109179126442243,8
30,7882,0,1,1,0.3793103448275862,0,20,87,4.465908118654584,8
31,6027,0,0,1,0.1602409638554217,0,8,830,6.721425700790643,11
32,12745,0,1,0,0.0,0,7,2,0.6931471805599453,15
33,2129,1,1,0,0.3322818086225026,0,10,951,6.85751406254539,4
34,3886,0,0,0,0.6571428571428571,1,20,35,3.5553480614894135,8
35,9878,0,0,0,0.32007952286282304,0,5,503,6.220590170099739,8
36,12211,0,0,1,0.5,1,0,4,1.3862943611198906,16
37,3434,0,1,0,0.4375,0,4,16,2.772588722239781,5
38,6987,0,1,0,0.36712328767123287,0,2,730,6.593044534142437,5
39,9862,0,1,0,0.5,0,4,12,2.4849066497880004,8
40,7792,0,0,0,0.211864406779661,1,1,118,4.770684624465665,8
41,11809,0,0,0,0.1592920353982301,0,6,113,4.727387818712341,1
42,8088,0,1,0,0.46236559139784944,0,13,93,4.532599493153256,8
43,15391,0,1,0,0.1258741258741259,0,17,143,4.962844630259907,1
44,7165,0,0,0,0.2509090909090909,0,8,275,5.616771097666572,5
45,8124,0,1,0,0.6555555555555556,0,12,90,4.499809670330265,14
46,8481,0,0,0,0.20304568527918782,0,0,591,6.3818160174060985,15
47,5711,0,1,0,0.3864734299516908,0,4,207,5.332718793265369,3
48,5976,0,1,0,0.5263157894736842,0,4,19,2.9444389791664403,8
49,16128,0,1,1,0.23455497382198953,0,11,955,6.86171134048073,2
50,3436,0,1,0,0.33035714285714285,0,16,224,5.4116460518550396,5
51,8021,0,0,0,0.25,0,16,4,1.3862943611198906,8
52,2136,0,0,0,0.34615384615384615,0,4,26,3.258096538021482,4
53,7952,0,1,0,0.44,0,13,25,3.2188758248682006,8
54,12926,1,1,1,0.0,1,10,4,1.3862943611198906,2
55,9912,0,1,0,0.40425531914893614,0,1,47,3.8501476017100584,8
56,9764,0,0,0,0.35315985130111527,0,7,269,5.594711379601839,8
57,5834,0,1,0,0.0,1,20,5,1.6094379124341003,8
58,9644,0,0,0,0.29444444444444445,0,7,180,5.19295685089021,2
59,7956,0,1,0,0.3611111111111111,0,9,36,3.58351893845611,8
60,4148,0,1,0,0.3436426116838488,1,20,291,5.673323267171493,8
61,3706,0,1,0,0.18333333333333332,0,3,60,4.0943445622221,5
62,3427,0,0,1,0.48717948717948717,0,1,39,3.6635616461296463,2
63,3580,0,0,0,0.2247191011235955,0,4,89,4.48863636973214,5
64,9026,0,0,0,0.07017543859649122,0,8,57,4.04305126783455,5
65,4074,0,0,0,0.5,0,13,2,0.6931471805599453,8
66,5314,0,1,0,0.3333333333333333,0,1,27,3.295836866004329,5
67,3627,1,1,1,0.21390374331550802,0,10,187,5.231108616854587,5
68,15488,0,1,0,0.14545454545454545,0,0,495,6.20455776256869,1
69,11971,0,0,0,0.09302325581395349,0,9,43,3.7612001156935624,1
70,7138,0,1,0,0.2391304347826087,1,19,46,3.828641396489095,5
71,8022,0,1,0,0.4132231404958678,1,14,121,4.795790545596741,8
72,5844,0,0,0,0.5970149253731343,1,20,67,4.204692619390966,8
73,5347,1,1,0,0.0,0,10,5,1.6094379124341003,5
74,8816,0,0,0,0.0641025641025641,1,20,78,4.356708826689592,16
75,8233,0,1,0,0.3888888888888889,1,0,18,2.8903717578961645,3
76,7873,0,0,0,0.1935483870967742,1,20,31,3.4339872044851463,8
77,4042,0,1,0,0.328125,1,5,64,4.1588830833596715,8
78,9882,0,1,0,0.5357142857142857,0,6,28,3.332204510175204,8
79,12687,0,1,0,0.22727272727272727,0,14,88,4.477336814478207,16
80,6089,0,0,0,0.58,0,1,50,3.912023005428146,8
81,3998,0,1,0,0.21052631578947367,0,13,19,2.9444389791664403,16
82,5425,0,1,0,0.35714285714285715,1,7,14,2.6390573296152584,5
83,8062,0,0,1,0.39622641509433965,1,4,106,4.663439094112067,14
84,9614,0,1,0,0.22580645161290322,0,4,124,4.820281565605037,2
85,2185,0,0,0,0.3829787234042553,0,9,47,3.8501476017100584,8
86,5184,0,0,0,0.19626168224299065,0,16,107,4.672828834461906,5
87,15563,0,1,0,0.13333333333333333,0,2,105,4.653960350157523,1
88,9815,0,0,0,1.0,0,6,1,0.0,8
89,6076,0,1,0,0.36363636363636365,0,16,44,3.784189633918261,8
90,3723,0,0,0,0.1276595744680851,1,20,47,3.8501476017100584,5
91,8045,0,0,0,0.41284403669724773,0,16,109,4.6913478822291435,8
92,15492,0,1,0,0.17765042979942694,0,17,349,5.855071922202427,1
93,5213,0,1,0,0.42857142857142855,1,2,7,1.9459101490553132,5
94,9911,0,0,0,0.21428571428571427,1,11,28,3.332204510175204,8
95,12023,0,1,1,0.0,1,16,3,1.0986122886681098,1
96,4861,0,0,0,0.2916666666666667,1,4,24,3.1780538303479458,6
97,3554,1,1,0,0.3076923076923077,1,10,26,3.258096538021482,5
98,16688,0,1,0,0.23809523809523808,0,14,21,3.044522437723423,16
99,8844,0,1,0,0.21264367816091953,0,4,348,5.8522024797744745,5
100,3911,0,0,1,0.48756218905472637,0,15,201,5.303304908059076,8
101,6890,0,0,1,0.375,1,0,8,2.0794415416798357,5
102,9952,0,1,0,0.29770992366412213,0,12,131,4.875197323201151,8
103,16984,0,0,0,0.0,1,20,4,1.3862943611198906,7
104,19352,0,0,0,0.2066115702479339,0,4,1331,7.193685818395112,1
105,10022,0,0,0,0.2039274924471299,0,1,662,6.495265555937008,8
106,8023,0,0,0,0.12871287128712872,0,15,303,5.713732805509369,1
107,6036,0,1,0,0.45161290322580644,0,0,31,3.4339872044851463,8
108,5923,0,1,0,0.5,0,1,6,1.791759469228055,8
109,20717,0,1,1,0.36,0,0,25,3.2188758248682006,7
110,16605,0,1,1,0.225,0,0,40,3.6888794541139363,16
111,5240,0,1,0,0.45714285714285713,1,4,35,3.5553480614894135,5
112,5440,0,0,0,0.2,0,16,5,1.6094379124341003,5
113,5942,0,1,0,0.6666666666666666,1,4,3,1.0986122886681098,8
114,6035,0,1,0,0.3157894736842105,1,20,19,2.9444389791664403,8
115,3612,0,1,0,0.28888888888888886,0,0,90,4.499809670330265,5
116,8098,0,1,0,0.3870967741935484,0,4,62,4.127134385045092,8
117,6060,0,1,1,0.4,1,16,5,1.6094379124341003,8
118,8604,0,1,0,0.28415300546448086,0,12,183,5.209486152841421,5
119,3780,0,1,0,0.29411764705882354,0,4,51,3.9318256327243257,2
120,2118,0,0,0,1.0,0,13,1,0.0,8
121,20990,0,1,0,0.5714285714285714,0,16,7,1.9459101490553132,7
122,6954,0,0,0,0.6,0,0,5,1.6094379124341003,5
123,6193,0,0,0,0.3333333333333333,1,17,9,2.1972245773362196,8
124,12838,0,0,0,0.2857142857142857,1,7,42,3.7376696182833684,16
125,1717,0,1,0,0.0,0,8,1,0.0,11
126,8875,0,1,0,0.2112676056338028,0,0,71,4.2626798770413155,5
127,16475,0,0,0,0.5714285714285714,1,3,7,1.9459101490553132,6
128,12662,0,0,0,0.3333333333333333,0,15,3,1.0986122886681098,16
129,2277,0,0,1,1.0,1,7,1,0.0,8
130,15836,0,1,0,1.0,0,7,1,0.0,1
131,7875,0,0,0,0.5373134328358209,0,5,67,4.204692619390966,8
132,5234,0,1,0,0.3514285714285714,1,3,350,5.857933154483459,5
133,2021,0,0,0,0.0,1,4,1,0.0,5
134,2021,0,1,0,0.3218884120171674,0,12,233,5.4510384535657,8
135,7836,0,0,0,0.09844559585492228,0,17,193,5.262690188904886,1
136,13147,0,1,0,0.6666666666666666,0,1,9,2.1972245773362196,7
137,6067,1,1,0,0.3238095238095238,1,10,105,4.653960350157523,8
138,4141,0,0,0,0.5,1,14,10,2.302585092994046,8
139,12268,0,1,1,0.30434782608695654,0,0,23,3.1354942159291497,16
140,3957,0,0,0,0.2571428571428571,1,20,665,6.499787040655854,8
141,7992,0,0,0,0.268370607028754,0,7,313,5.746203190540153,8
142,1534,0,1,0,0.2777777777777778,1,4,36,3.58351893845611,11
143,11449,0,1,0,0.20147420147420148,0,4,407,6.008813185442595,1
144,6109,0,1,0,0.2717391304347826,0,16,92,4.5217885770490405,8
145,3914,0,1,0,0.2916666666666667,0,6,48,3.871201010907891,8
146,5221,0,1,0,0.28125,1,7,32,3.4657359027997265,5
147,1923,0,1,0,0.14563106796116504,1,15,103,4.634728988229636,5
148,6407,0,0,0,0.3194444444444444,0,4,144,4.969813299576001,2
149,4175,0,1,0,0.1724137931034483,0,14,58,4.060443010546419,8
150,8162,0,0,0,0.16494845360824742,0,17,291,5.673323267171493,1
151,9964,0,0,0,0.1878048780487805,0,7,410,6.016157159698354,8
152,12661,0,1,0,0.2320675105485232,0,0,237,5.4680601411351315,6
153,15256,0,0,0,0.15849056603773584,1,4,265,5.579729825986222,1
154,16446,0,0,0,0.30049261083743845,0,9,203,5.313205979041787,16
155,11916,0,1,0,0.14027149321266968,0,4,442,6.091309882077698,1
156,5376,0,0,1,0.20689655172413793,0,0,29,3.367295829986474,10
157,7996,0,1,0,0.5,0,2,2,0.6931471805599453,8
158,11977,0,0,0,0.2736842105263158,1,20,190,5.247024072160486,1
159,3694,0,1,0,0.27419354838709675,0,4,62,4.127134385045092,5
160,11937,0,1,0,0.17197452229299362,0,0,157,5.056245805348308,1
161,5393,0,0,0,0.34,1,3,50,3.912023005428146,5
162,15859,0,1,0,0.12355212355212356,0,0,259,5.556828061699537,1
163,11489,0,0,0,0.11326860841423948,0,0,309,5.733341276897746,1
164,3708,0,1,0,0.06976744186046512,0,7,43,3.7612001156935624,5
165,8127,0,1,0,0.2283464566929134,0,4,127,4.844187086458591,3
166,7064,0,0,0,0.2619047619047619,1,2,126,4.836281906951478,5
167,3062,0,0,0,0.11940298507462686,0,5,67,4.204692619390966,3
168,7194,0,0,0,0.09090909090909091,1,3,11,2.3978952727983707,5
169,4214,0,0,0,0.5185185185185185,1,4,27,3.295836866004329,8
170,8716,0,1,0,0.2024793388429752,1,0,242,5.488937726156687,5
171,11979,1,1,0,0.16326530612244897,0,10,49,3.8918202981106265,1
172,8053,0,1,0,0.7575757575757576,0,1,33,3.4965075614664802,8
173,20897,0,0,0,0.23529411764705882,1,20,17,2.833213344056216,7
174,7760,0,1,0,0.3076923076923077,1,4,13,2.5649493574615367,8
175,8738,0,0,0,0.23310810810810811,0,12,296,5.69035945432406,5
176,3555,0,1,0,0.3888888888888889,0,4,108,4.68213122712422,5
177,5439,0,0,0,0.4166666666666667,0,1,60,4.0943445622221,5
178,4469,0,1,0,0.17142857142857143,1,1,105,4.653960350157523,1
179,5421,0,0,0,0.4444444444444444,1,1,9,2.1972245773362196,5
180,20840,0,1,0,0.24489795918367346,0,6,49,3.8918202981106265,16
181,3981,0,0,0,0.32558139534883723,1,14,43,3.7612001156935624,8
182,8473,1,1,0,0.5,0,10,2,0.6931471805599453,16
183,4192,0,1,1,0.2553191489361702,1,7,94,4.543294782270004,8
184,7868,0,1,0,0.2857142857142857,1,20,119,4.77912349311153,8
185,5465,0,0,1,0.5211267605633803,0,1,71,4.2626798770413155,10
186,3068,0,1,0,0.13548387096774195,1,4,310,5.736572297479192,11
187,6117,0,0,0,0.375,0,0,8,2.0794415416798357,8
188,15872,0,1,1,0.13761467889908258,0,1,327,5.7899601708972535,1
189,9742,0,0,0,0.4666666666666667,0,13,60,4.0943445622221,8
190,12188,0,1,0,0.2,0,16,5,1.6094379124341003,16
191,8040,0,1,0,0.2777777777777778,0,0,18,2.8903717578961645,8
192,7964,0,1,0,0.23076923076923078,0,2,13,2.5649493574615367,8
193,5433,0,1,0,0.35135135135135137,0,0,111,4.709530201312334,5
194,8289,0,0,0,0.10377358490566038,0,17,106,4.663439094112067,1
195,3715,0,0,0,0.3695652173913043,1,16,46,3.828641396489095,5
196,21002,0,1,0,0.375,0,20,48,3.871201010907891,7
197,5894,0,1,1,0.5826086956521739,0,14,115,4.74493212836325,8
198,8200,0,1,1,0.18857142857142858,0,0,350,5.857933154483459,1
199,3994,0,1,0,0.12903225806451613,1,4,31,3.4339872044851463,1
200,897,0,1,1,0.0,0,0,20,2.995732273553991,12
201,7802,0,0,0,0.45454545454545453,1,19,22,3.091042453358316,8
202,3676,0,1,0,0.2857142857142857,0,20,7,1.9459101490553132,2
203,7929,0,1,0,0.38095238095238093,0,7,63,4.143134726391533,8
204,9708,0,1,0,0.13333333333333333,0,2,15,2.70805020110221,8
205,6149,0,1,1,0.4810126582278481,1,7,79,4.3694478524670215,8
206,8756,0,1,0,0.21739130434782608,0,12,184,5.214935757608986,5
207,6098,0,0,0,0.425,0,7,40,3.6888794541139363,8
208,5365,0,1,0,0.5,0,4,110,4.700480365792417,5
209,8070,0,1,0,0.4,0,0,10,2.302585092994046,8
210,1636,0,1,0,0.058823529411764705,0,5,17,2.833213344056216,11
211,6089,0,0,0,0.6363636363636364,1,20,176,5.170483995038151,8
212,6973,0,1,0,0.2125984251968504,1,15,762,6.635946555686647,5
213,8859,0,0,0,0.3869346733668342,0,12,199,5.293304824724492,5
214,6020,0,0,0,0.2246376811594203,1,14,138,4.927253685157205,11
215,8734,0,1,0,0.0,0,4,1,0.0,5
216,11857,0,1,0,0.08108108108108109,0,0,74,4.30406509320417,1
217,3466,0,1,0,0.0,0,5,10,2.302585092994046,4
218,9865,0,1,0,0.25,0,11,68,4.219507705176107,8
219,7936,0,0,1,0.33879781420765026,1,2,183,5.209486152841421,8
220,1916,0,0,0,0.2136986301369863,0,12,365,5.8998973535824915,5
221,5169,0,1,1,0.39444444444444443,1,7,180,5.19295685089021,5
222,5993,0,1,0,0.15873015873015872,0,4,126,4.836281906951478,11
223,5275,0,0,0,0.25,0,7,88,4.477336814478207,5
224,5298,0,1,0,0.25387596899224807,0,11,516,6.246106765481563,5
225,5195,0,0,0,0.5555555555555556,0,7,180,5.19295685089021,5
226,3713,0,1,0,0.40131578947368424,0,1,152,5.0238805208462765,5
227,13196,0,0,0,0.47058823529411764,1,20,17,2.833213344056216,15
228,5473,0,1,0,0.30434782608695654,0,4,92,4.5217885770490405,5
229,12875,0,1,0,0.25,1,4,20,2.995732273553991,15
230,1436,0,1,0,0.35714285714285715,1,15,14,2.6390573296152584,12
231,7879,0,1,0,0.4222222222222222,0,1,45,3.8066624897703196,8
232,5289,0,0,1,0.25,0,17,4,1.3862943611198906,5
233,8190,0,0,0,0.16666666666666666,1,20,6,1.791759469228055,1
234,12501,0,1,0,0.5,1,20,6,1.791759469228055,16
235,20915,0,0,0,0.2041343669250646,0,16,387,5.958424693029782,16
236,10021,0,1,0,0.3552123552123552,0,0,259,5.556828061699537,8
237,7016,0,1,0,0.4675324675324675,1,20,77,4.343805421853684,5
238,5822,0,1,0,0.4429530201342282,1,20,149,5.003946305945459,8
239,1431,0,1,0,0.26666666666666666,0,19,15,2.70805020110221,4
240,15675,0,0,0,0.2,0,12,10,2.302585092994046,1
241,3648,0,1,0,0.3776595744680851,0,4,188,5.236441962829949,5
242,8036,0,1,0,0.2622549019607843,0,7,408,6.0112671744041615,8
243,5918,0,0,0,0.6111111111111112,0,9,18,2.8903717578961645,8
244,5371,0,1,0,0.05,0,17,40,3.6888794541139363,5
245,1779,0,1,1,0.22413793103448276,0,16,116,4.7535901911063645,5
246,388,0,1,0,0.21818181818181817,1,20,55,4.007333185232471,13
247,6953,0,1,0,0.20833333333333334,1,12,72,4.276666119016055,5
248,12174,0,1,0,0.09259259259259259,0,7,54,3.9889840465642745,16
249,19706,0,0,0,0.2150063051702396,0,17,1586,7.368970402194793,1
250,3937,0,1,0,0.6319018404907976,0,16,163,5.093750200806762,8
251,2122,0,0,0,0.5520833333333334,1,20,96,4.564348191467836,4
252,10046,0,0,1,0.38461538461538464,1,0,13,2.5649493574615367,8
253,7806,0,1,1,0.0,1,16,2,0.6931471805599453,8
254,7932,0,0,0,0.4172494172494173,1,2,429,6.061456918928017,14
255,3904,0,0,0,0.2914438502673797,0,1,374,5.924255797414532,8
256,2005,0,0,0,0.19444444444444445,1,20,72,4.276666119016055,5
257,5930,0,0,1,0.1875,1,1,32,3.4657359027997265,8
258,7820,0,1,0,0.4444444444444444,0,0,27,3.295836866004329,8
259,5857,0,0,0,0.7837837837837838,0,1,37,3.6109179126442243,8
260,6041,0,1,1,0.47058823529411764,0,7,34,3.5263605246161616,8
261,8027,0,1,1,0.3592233009708738,1,4,206,5.327876168789581,8
262,7864,0,0,0,0.20300751879699247,1,14,133,4.890349128221754,8
263,3766,0,0,0,0.4,0,20,10,2.302585092994046,2
264,1969,0,0,0,0.2631578947368421,1,1,38,3.6375861597263857,5
265,8635,0,1,0,0.36585365853658536,1,2,123,4.812184355372417,5
266,5986,0,1,0,0.3563218390804598,0,4,87,4.465908118654584,8
267,3434,0,1,0,0.4090909090909091,0,7,22,3.091042453358316,5
268,9722,0,1,0,0.5454545454545454,0,4,22,3.091042453358316,8
269,8122,0,0,0,0.31932773109243695,0,16,119,4.77912349311153,8
270,6122,0,1,0,0.2727272727272727,0,13,132,4.882801922586371,8
271,5823,0,1,0,0.4326923076923077,1,4,104,4.6443908991413725,8
272,3984,0,1,1,0.375,0,19,8,2.0794415416798357,8
273,12128,0,0,0,1.0,0,17,1,0.0,6
274,3510,0,1,0,0.42857142857142855,0,9,7,1.9459101490553132,5
275,8159,0,1,1,0.16442048517520216,0,4,371,5.916202062607435,1
276,6975,0,0,0,0.6222222222222222,0,16,90,4.499809670330265,5
277,20538,0,0,0,0.23157894736842105,0,1,95,4.553876891600541,7
278,16437,0,1,0,0.25,0,9,28,3.332204510175204,16
279,15285,0,1,1,0.19951338199513383,0,3,411,6.018593214496234,1
280,16137,0,0,0,0.21106557377049182,0,1,488,6.1903154058531475,2
281,1736,0,1,0,0.5555555555555556,0,4,18,2.8903717578961645,12
282,3579,0,0,1,0.4166666666666667,1,0,12,2.4849066497880004,5
283,20214,0,1,0,0.24658703071672355,1,7,1172,7.066466970136958,6
284,5834,0,1,0,0.07142857142857142,1,4,14,2.6390573296152584,8
285,6974,0,1,0,0.5384615384615384,0,17,13,2.5649493574615367,5
286,5893,0,1,0,0.18666666666666668,0,17,75,4.31748811353631,8
287,7786,0,1,0,0.2757660167130919,0,13,359,5.883322388488279,8
288,4138,0,0,0,0.5,1,4,26,3.258096538021482,8
289,9728,0,1,0,0.6666666666666666,0,12,45,3.8066624897703196,8
290,3956,0,1,1,0.09433962264150944,0,16,212,5.356586274672012,1
291,3608,0,0,1,0.3181818181818182,0,15,22,3.091042453358316,5
292,5216,0,0,0,0.3783783783783784,0,6,74,4.30406509320417,5
293,10004,0,0,0,0.3548387096774194,0,12,186,5.225746673713202,8
294,4083,0,1,0,0.336283185840708,0,1,113,4.727387818712341,8
295,9997,0,0,1,0.37962962962962965,1,20,108,4.68213122712422,8
296,7920,0,0,0,0.4,0,16,25,3.2188758248682006,8
297,7029,1,1,0,0.5,0,10,2,0.6931471805599453,5
298,5213,0,1,0,0.21818181818181817,0,20,55,4.007333185232471,5
299,8033,0,1,0,0.4444444444444444,0,1,27,3.295836866004329,8
300,6141,0,0,0,0.4155844155844156,0,1,154,5.0369526024136295,8
301,11393,0,0,0,0.14285714285714285,0,0,77,4.343805421853684,1
302,15549,0,0,0,0.15017064846416384,0,4,586,6.373319789577012,1
303,2826,0,0,1,0.3089887640449438,0,8,356,5.87493073085203,4
304,8043,0,0,0,0.2799657534246575,0,4,1168,7.0630481633881725,8
305,16712,0,0,0,0.2642857142857143,1,2,140,4.941642422609304,16
306,23302,0,1,0,0.2631578947368421,1,14,19,2.9444389791664403,10
307,6073,0,0,0,0.34285714285714286,1,20,35,3.5553480614894135,8
308,8575,0,0,0,0.22115384615384615,1,20,104,4.6443908991413725,16
309,5346,0,0,0,0.1875,0,4,16,2.772588722239781,5
310,8588,1,1,1,0.09375,0,10,32,3.4657359027997265,5
311,7795,0,1,0,0.375,1,5,32,3.4657359027997265,8
312,7601,0,0,0,0.18421052631578946,0,0,190,5.247024072160486,1
313,4636,0,1,0,0.1111111111111111,0,20,81,4.394449154672439,11
314,11887,0,0,0,0.17463235294117646,0,0,544,6.298949246855942,1
315,3653,0,1,1,0.1282051282051282,1,4,78,4.356708826689592,5
316,4084,0,0,0,0.23076923076923078,1,1,13,2.5649493574615367,8
317,4423,0,1,0,0.21428571428571427,0,20,84,4.430816798843313,11
318,5152,0,0,0,0.19213973799126638,0,1,229,5.43372200355424,5
319,6084,0,1,0,0.359375,0,20,64,4.1588830833596715,8
320,948,0,1,0,0.2857142857142857,0,0,21,3.044522437723423,12
321,7885,0,1,0,0.0,1,20,12,2.4849066497880004,3
322,6119,0,0,0,0.35356200527704484,1,3,379,5.937536205082426,8
323,12460,0,0,0,0.1864406779661017,0,7,118,4.770684624465665,16
324,3731,0,0,0,0.4523809523809524,0,12,378,5.934894195619588,2
325,16363,0,1,0,0.2558139534883721,0,0,43,3.7612001156935624,6
326,4055,0,1,0,0.4117647058823529,0,1,17,2.833213344056216,8
327,5161,0,1,0,0.4758364312267658,0,13,269,5.594711379601839,5
328,788,0,1,0,0.6666666666666666,0,4,21,3.044522437723423,12
329,3602,0,1,0,0.2181372549019608,0,7,408,6.0112671744041615,5
330,8798,0,0,1,0.3755274261603376,0,7,237,5.4680601411351315,5
331,9813,0,0,0,0.24242424242424243,0,1,66,4.189654742026425,2
332,6100,0,1,0,0.25925925925925924,1,20,27,3.295836866004329,11
333,8802,0,0,0,0.30837004405286345,0,1,227,5.424950017481403,5
334,11463,0,0,0,0.15357766143106458,0,12,573,6.35088571671474,1
335,4125,0,0,1,0.34798534798534797,1,0,273,5.60947179518496,8
336,5445,0,1,0,0.624113475177305,0,9,141,4.948759890378168,5
337,5196,0,1,0,0.3230769230769231,0,17,65,4.174387269895637,5
338,19313,0,1,0,0.2,0,3,395,5.978885764901122,1
339,4052,0,0,0,0.15384615384615385,0,0,39,3.6635616461296463,8
340,2187,0,1,0,0.25,1,0,136,4.912654885736052,8
341,5315,0,1,0,0.30134680134680136,0,4,1188,7.080026499922591,5
342,1754,0,1,0,0.3716417910447761,0,2,670,6.507277712385012,12
343,5906,0,1,0,0.21428571428571427,0,7,70,4.248495242049359,11
344,6870,0,1,0,0.5,1,3,12,2.4849066497880004,5
345,11742,0,1,0,0.2923076923076923,0,9,65,4.174387269895637,1
346,4012,0,1,0,0.5,1,4,152,5.0238805208462765,8
347,13039,0,1,0,0.36363636363636365,1,0,132,4.882801922586371,7
348,20810,0,0,1,0.3235294117647059,1,0,34,3.5263605246161616,7
349,10769,1,1,0,0.27918781725888325,0,10,591,6.3818160174060985,3
350,5881,0,1,1,0.3333333333333333,1,4,36,3.58351893845611,8
351,2952,0,1,0,0.14925373134328357,1,4,134,4.897839799950911,11
352,6923,0,1,0,0.24405705229793978,0,2,631,6.447305862541213,5
353,7780,0,1,0,0.17990654205607476,1,20,428,6.059123195581797,1
354,5904,0,0,0,0.46153846153846156,1,3,26,3.258096538021482,8
355,5228,0,0,1,0.2,1,3,210,5.3471075307174685,5
356,6958,0,1,0,0.2926829268292683,0,7,123,4.812184355372417,5
357,5295,0,0,1,0.3574660633484163,1,0,221,5.3981627015177525,5
358,16706,0,0,0,0.1342281879194631,1,14,149,5.003946305945459,16
359,2141,0,0,0,0.2830188679245283,0,17,106,4.663439094112067,4
360,4170,0,1,1,1.0,0,4,9,2.1972245773362196,8
361,15701,0,0,0,0.23076923076923078,0,13,182,5.204006687076795,1
362,11788,0,0,0,0.24046242774566473,0,1,865,6.762729506931879,1
363,1721,0,0,0,0.4375,1,20,80,4.382026634673881,4
364,4302,0,0,1,0.11627906976744186,1,4,215,5.3706380281276624,1
365,15769,0,1,1,0.22580645161290322,0,3,744,6.612041034833092,1
366,7992,0,1,0,0.4666666666666667,1,1,105,4.653960350157523,14
367,6188,0,0,1,0.14666666666666667,1,2,150,5.0106352940962555,8
368,1576,0,0,0,0.10810810810810811,1,16,148,4.997212273764115,11
369,15383,0,1,0,0.04,0,11,25,3.2188758248682006,1
370,9884,0,1,0,0.2,1,20,5,1.6094379124341003,8
371,6072,0,0,0,0.2857142857142857,1,3,21,3.044522437723423,11
372,8292,0,1,0,0.05172413793103448,1,20,58,4.060443010546419,1
373,7758,0,1,0,0.2978723404255319,0,0,47,3.8501476017100584,8
374,8099,0,1,1,0.3,1,16,10,2.302585092994046,8
375,15350,0,0,1,0.07142857142857142,1,3,28,3.332204510175204,1
376,4502,0,0,0,0.2916666666666667,0,2,24,3.1780538303479458,11
377,16477,0,0,0,0.07692307692307693,0,12,13,2.5649493574615367,2
378,7592,0,0,0,0.07936507936507936,1,4,63,4.143134726391533,1
379,15579,0,0,0,0.07142857142857142,1,0,14,2.6390573296152584,1
380,8062,0,1,0,1.0,0,16,1,0.0,8
381,3057,0,0,0,0.2857142857142857,0,7,7,1.9459101490553132,11
382,16895,0,0,0,1.0,1,2,1,0.0,10
383,16808,0,1,0,0.3333333333333333,0,4,3,1.0986122886681098,7
384,8173,0,1,0,0.13636363636363635,0,17,110,4.700480365792417,1
385,7945,0,1,0,0.7142857142857143,1,5,7,1.9459101490553132,8
386,3161,0,0,0,0.16822429906542055,1,0,107,4.672828834461906,11
387,8134,0,0,1,0.37142857142857144,1,0,35,3.5553480614894135,3
388,5987,0,1,1,0.13636363636363635,1,0,22,3.091042453358316,11
389,6923,0,1,1,0.24696356275303644,1,0,247,5.5093883366279774,5
390,5236,0,0,0,0.125,1,0,8,2.0794415416798357,5
391,5887,0,1,1,0.463855421686747,0,17,166,5.111987788356544,8
392,3516,0,0,0,0.22448979591836735,0,16,147,4.990432586778736,5
393,5348,0,1,0,0.22448979591836735,0,4,49,3.8918202981106265,5
394,5322,0,0,0,0.2903225806451613,0,16,93,4.532599493153256,5
395,1609,0,1,1,0.16666666666666666,1,0,48,3.871201010907891,11
396,6862,0,0,1,0.2807017543859649,0,1,114,4.736198448394496,5
397,1951,0,0,0,0.15384615384615385,1,1,13,2.5649493574615367,5
398,3697,1,1,0,0.19444444444444445,0,10,72,4.276666119016055,5
399,8189,0,1,0,0.14857142857142858,0,14,175,5.1647859739235145,1
400,10023,0,0,0,0.4117647058823529,0,1,51,3.9318256327243257,8
401,12609,0,1,1,0.3142857142857143,1,4,35,3.5553480614894135,16
402,15793,0,1,0,0.08,0,4,125,4.8283137373023015,1
403,2141,0,1,0,0.05128205128205128,0,4,39,3.6635616461296463,18
404,6177,0,1,1,0.48148148148148145,1,7,54,3.9889840465642745,8
405,6011,0,1,1,0.18181818181818182,1,0,154,5.0369526024136295,11
406,186,0,1,0,0.40816326530612246,1,20,98,4.584967478670572,13
407,7973,0,1,0,0.20437956204379562,1,1,137,4.919980925828125,8
408,3694,0,0,0,0.24752475247524752,0,4,101,4.61512051684126,5
409,6071,0,1,0,0.4166666666666667,1,4,12,2.4849066497880004,8
410,16559,0,0,0,0.14054054054054055,0,0,185,5.220355825078324,16
411,5305,0,1,0,0.23853211009174313,0,3,218,5.384495062789089,5
412,3672,0,1,0,0.36363636363636365,0,1,22,3.091042453358316,5
413,11458,0,1,0,0.125,1,7,384,5.950642552587727,1
414,5411,0,0,0,0.14130434782608695,0,7,276,5.62040086571715,5
415,5996,0,1,0,0.1875,0,0,80,4.382026634673881,8
416,5172,0,0,0,0.16129032258064516,1,4,31,3.4339872044851463,5
417,7764,0,1,0,0.23376623376623376,0,19,77,4.343805421853684,8
418,3539,0,1,1,0.3299798792756539,0,16,497,6.208590026096629,5
419,7178,0,0,0,0.2479108635097493,0,12,359,5.883322388488279,5
420,15851,0,1,0,0.11046511627906977,0,7,344,5.840641657373398,1
421,8538,0,0,0,0.0,0,6,12,2.4849066497880004,7
422,3541,0,0,0,0.40425531914893614,0,7,47,3.8501476017100584,5
423,1848,0,0,0,0.1509433962264151,0,7,53,3.970291913552122,5
424,6072,0,1,0,0.3875968992248062,0,17,129,4.859812404361672,8
425,5372,0,1,0,0.46153846153846156,1,6,13,2.5649493574615367,5
426,5920,0,1,0,0.26153846153846155,0,11,130,4.867534450455582,8
427,3664,0,1,0,0.16216216216216217,1,0,37,3.6109179126442243,5
428,5239,0,0,0,0.336283185840708,1,20,113,4.727387818712341,5
429,6204,0,1,1,0.28846153846153844,1,4,52,3.9512437185814275,8
430,8068,0,1,0,0.5555555555555556,1,20,18,2.8903717578961645,8
431,5250,0,0,0,0.35135135135135137,1,4,37,3.6109179126442243,5
432,5912,0,1,0,0.29345372460496616,0,3,443,6.093569770045136,11
433,9958,0,1,0,0.29577464788732394,0,20,142,4.955827057601261,8
434,5962,0,0,0,0.15517241379310345,0,0,58,4.060443010546419,8
435,15469,0,0,1,0.2211101000909918,0,8,1099,7.002155954403621,1
436,4091,0,0,0,0.09302325581395349,0,8,43,3.7612001156935624,1
437,4125,0,1,1,0.11764705882352941,1,4,68,4.219507705176107,1
438,3474,1,1,0,0.3,0,10,20,2.995732273553991,5
439,5960,0,0,1,0.7021276595744681,1,4,47,3.8501476017100584,8
440,4498,0,0,0,0.38461538461538464,0,8,13,2.5649493574615367,7
441,7992,0,0,0,0.2692307692307692,0,16,26,3.258096538021482,8
442,15372,0,1,0,0.10619469026548672,0,4,113,4.727387818712341,1
443,15781,0,1,0,0.32142857142857145,0,7,56,4.02535169073515,1
444,15893,0,1,0,0.16666666666666666,0,13,300,5.703782474656201,1
445,6995,0,0,0,0.19230769230769232,0,0,26,3.258096538021482,5
446,6975,0,0,0,0.4,0,12,200,5.298317366548036,5
447,5863,1,1,0,0.625,1,10,40,3.6888794541139363,8
448,1785,0,1,0,0.25,0,4,20,2.995732273553991,5
449,6986,0,0,1,0.23510971786833856,0,1,319,5.765191102784844,5
450,3580,0,1,0,0.45454545454545453,1,3,22,3.091042453358316,5
451,5154,0,0,0,0.17045454545454544,0,4,88,4.477336814478207,5
452,15393,0,0,0,0.18518518518518517,0,7,513,6.240275845170769,1
453,5862,0,0,0,0.3333333333333333,1,3,159,5.0689042022202315,8
454,3536,0,1,0,0.38095238095238093,1,20,21,3.044522437723423,2
455,5862,0,0,0,0.44642857142857145,0,2,112,4.718498871295094,8
456,3696,0,1,0,0.1,0,12,10,2.302585092994046,5
457,7696,0,1,0,0.08974358974358974,1,0,78,4.356708826689592,1
458,15770,0,1,0,0.21242060691601977,0,4,1417,7.256297239690681,1
459,5875,0,0,0,0.20754716981132076,0,12,159,5.0689042022202315,8
460,16421,0,1,0,0.21348314606741572,1,0,89,4.48863636973214,6
461,7777,0,1,0,0.2608695652173913,0,6,46,3.828641396489095,8
462,9845,0,1,0,0.3684210526315789,0,0,19,2.9444389791664403,8
463,7802,0,1,0,0.15555555555555556,1,4,270,5.598421958998375,1
464,6951,0,1,0,0.4666666666666667,0,3,30,3.4011973816621555,5
465,3526,0,0,0,0.037037037037037035,1,14,27,3.295836866004329,5
466,6195,0,1,0,0.3333333333333333,1,20,27,3.295836866004329,8
467,6993,0,0,0,0.4,0,9,55,4.007333185232471,5
468,8521,0,1,0,0.28888888888888886,0,7,90,4.499809670330265,7
469,5920,0,0,0,0.25862068965517243,1,16,116,4.7535901911063645,8
470,6977,0,0,0,0.28061224489795916,1,2,196,5.278114659230517,5
471,19508,0,0,0,0.07317073170731707,0,7,164,5.099866427824199,1
472,15800,0,1,0,0.1568627450980392,0,7,204,5.318119993844216,1
473,6006,0,0,0,0.23076923076923078,0,1,26,3.258096538021482,8
474,3696,0,1,0,0.2857142857142857,1,0,21,3.044522437723423,5
475,5211,0,1,0,0.3830409356725146,0,4,342,5.834810737062605,5
476,5870,0,0,0,0.6333333333333333,0,14,30,3.4011973816621555,8
477,5471,0,0,0,0.48148148148148145,1,20,27,3.295836866004329,5
478,7139,0,1,1,0.2925170068027211,0,3,441,6.089044875446846,5
479,5965,0,1,0,0.22580645161290322,0,4,62,4.127134385045092,8
480,3975,0,0,0,0.23529411764705882,0,20,85,4.442651256490317,8
481,7897,0,0,0,0.25,1,0,8,2.0794415416798357,8
482,11656,0,0,0,0.047058823529411764,0,0,85,4.442651256490317,1
483,2019,0,1,1,0.3055555555555556,1,0,36,3.58351893845611,5
484,6152,0,1,0,0.5076923076923077,1,20,65,4.174387269895637,8
485,15310,0,0,0,0.17751479289940827,0,12,169,5.1298987149230735,1
486,7867,0,1,1,0.30944625407166126,0,7,307,5.726847747587197,8
487,9849,0,0,0,0.3987730061349693,0,4,326,5.786897381366708,8
488,5939,0,1,0,0.34615384615384615,0,0,26,3.258096538021482,8
489,15641,0,1,0,0.0625,0,11,80,4.382026634673881,1
490,4599,0,0,0,0.15384615384615385,0,1,104,4.6443908991413725,11
491,7165,0,0,0,0.21621621621621623,0,4,37,3.6109179126442243,5
492,5200,0,1,0,0.23497267759562843,0,4,183,5.209486152841421,5
493,7864,0,0,0,0.3888888888888889,0,1,234,5.455321115357702,14
494,6916,0,0,0,0.23134328358208955,0,12,134,4.897839799950911,5
495,15233,0,0,0,0.10526315789473684,0,7,209,5.342334251964811,1
496,3696,0,0,0,0.19480519480519481,0,4,77,4.343805421853684,5
497,12850,0,1,0,0.11650485436893204,0,2,103,4.634728988229636,2
498,3603,0,0,0,0.2647058823529412,0,7,204,5.318119993844216,5
499,20637,0,1,0,0.16071428571428573,1,20,56,4.02535169073515,15
500,15260,0,1,0,0.14634146341463414,1,20,41,3.713572066704308,1
501,4142,0,0,0,0.3559322033898305,0,0,59,4.07753744390572,8
502,5832,0,1,0,0.22568093385214008,0,1,257,5.54907608489522,8
503,6054,0,1,0,0.5,0,19,12,2.4849066497880004,8
504,3931,0,1,1,0.0,0,2,4,1.3862943611198906,18
505,9735,0,1,0,0.259529602595296,0,7,1233,7.117205503164344,8
506,7798,0,0,0,0.2,0,1,40,3.6888794541139363,8
507,8081,0,0,0,0.2591687041564792,0,13,409,6.013715156042802,8
508,5843,0,1,1,0.0,0,0,1,0.0,8
509,2184,0,0,0,0.5081081081081081,0,6,185,5.220355825078324,8
510,3540,0,0,0,0.2616822429906542,1,16,214,5.365976015021851,5
511,12062,0,0,1,0.1308411214953271,1,0,107,4.672828834461906,1
512,9767,0,1,0,0.41843971631205673,1,9,141,4.948759890378168,8
513,7932,0,1,0,0.23417721518987342,0,7,158,5.062595033026967,8
514,5996,0,0,0,0.3,0,4,30,3.4011973816621555,11
515,6971,0,0,0,0.25892857142857145,1,0,112,4.718498871295094,5
516,7964,0,0,0,0.37714285714285717,1,20,175,5.1647859739235145,8
517,7011,0,0,0,0.3801498127340824,1,20,534,6.280395838960195,5
518,8750,0,1,0,0.21348314606741572,0,7,89,4.48863636973214,5
519,23341,0,1,0,0.1756198347107438,0,2,968,6.875232087276577,16
520,5321,0,1,0,0.23684210526315788,0,14,114,4.736198448394496,5
521,5220,0,0,0,0.2740112994350282,0,12,354,5.869296913133774,5
522,4470,0,1,0,0.05555555555555555,1,0,72,4.276666119016055,11
523,3937,0,0,0,0.0,0,12,1,0.0,8
524,3912,0,1,0,0.16751269035532995,0,19,197,5.2832037287379885,8
525,15524,0,1,1,0.07462686567164178,0,7,67,4.204692619390966,1
526,7623,0,1,0,0.07142857142857142,1,4,70,4.248495242049359,11
527,20273,0,1,1,0.30864197530864196,0,0,81,4.394449154672439,7
528,5379,0,0,0,0.3333333333333333,1,14,93,4.532599493153256,5
529,1460,0,1,0,0.2826475849731664,0,7,559,6.326149473155099,4
530,19442,1,1,0,0.20689655172413793,0,10,290,5.66988092298052,1
531,3054,0,0,0,0.15463917525773196,1,14,291,5.673323267171493,3
532,12388,0,1,0,0.16666666666666666,1,7,12,2.4849066497880004,6
533,11935,0,1,0,0.21965317919075145,0,4,346,5.846438775057725,1
534,16544,0,1,0,0.19444444444444445,1,11,72,4.276666119016055,6
535,9941,0,0,0,0.0,0,2,1,0.0,8
536,11730,0,1,0,0.2716049382716049,0,2,81,4.394449154672439,1
537,1882,0,1,0,0.5,0,10,2,0.6931471805599453,5
538,7819,0,1,0,0.75,0,0,4,1.3862943611198906,8
539,8592,0,0,0,0.0,0,1,7,1.9459101490553132,5
540,6972,0,0,0,0.3269230769230769,1,14,260,5.560681631015528,5
541,6099,0,1,0,0.2727272727272727,0,7,11,2.3978952727983707,11
542,3469,0,1,0,0.17857142857142858,1,4,28,3.332204510175204,5
543,4674,0,1,1,0.0967741935483871,0,2,31,3.4339872044851463,11
544,7042,0,1,0,0.4,1,0,5,1.6094379124341003,5
545,5935,0,1,0,0.1111111111111111,1,20,9,2.1972245773362196,8
546,5210,0,0,0,0.26666666666666666,0,20,15,2.70805020110221,5
547,1447,0,0,0,0.2807017543859649,0,4,57,4.04305126783455,4
548,3703,0,1,0,0.2,0,11,10,2.302585092994046,5
549,7964,0,1,0,0.4117647058823529,1,3,17,2.833213344056216,8
550,1971,0,1,0,0.0,1,1,2,0.6931471805599453,5
551,9915,0,0,0,0.5714285714285714,0,1,14,2.6390573296152584,8
552,6996,0,1,0,0.26436781609195403,1,20,87,4.465908118654584,5
553,2784,0,1,0,0.31746031746031744,1,11,63,4.143134726391533,4
554,5175,0,1,0,0.0,0,20,1,0.0,5
555,9808,0,0,1,0.37037037037037035,0,4,27,3.295836866004329,8
556,9790,0,0,0,0.0,0,20,1,0.0,8
557,8713,0,0,0,0.0,1,4,1,0.0,5
558,6097,0,0,0,0.4074074074074074,1,2,27,3.295836866004329,8
559,12625,0,1,0,0.39705882352941174,0,2,68,4.219507705176107,16
560,3733,0,0,1,0.18181818181818182,1,20,11,2.3978952727983707,5
561,3624,0,0,0,0.31981981981981983,0,7,222,5.402677381872279,5
562,2846,0,0,0,0.31741573033707865,1,3,356,5.87493073085203,4
563,5332,0,0,0,0.34627831715210355,0,3,618,6.42648845745769,5
564,10604,0,1,0,0.2988826815642458,0,2,716,6.573680166960646,3
565,15351,0,0,0,0.17902097902097902,0,0,1430,7.265429723253953,1
566,16061,0,0,1,0.2524875621890547,0,7,804,6.6895992691789665,2
567,11612,0,1,0,0.19121447028423771,0,17,774,6.651571873589727,1
568,10042,0,1,0,0.2707736389684814,0,17,1396,7.241366283322318,2
569,8290,1,1,0,0.3484848484848485,1,10,396,5.981414211254481,6
570,10888,0,1,0,0.33391003460207613,0,1,578,6.359573868672378,3
571,10946,0,0,0,0.34782608695652173,0,1,276,5.62040086571715,3
572,8851,0,1,0,0.4084249084249084,1,9,546,6.302618975744905,5
573,8800,0,1,0,0.5,1,7,4,1.3862943611198906,6
574,3755,0,0,0,0.09923664122137404,0,20,131,4.875197323201151,2
575,16187,0,0,1,0.125,0,2,16,2.772588722239781,6
576,16497,0,0,0,0.2,1,16,20,2.995732273553991,6
577,3727,0,0,0,0.6428571428571429,1,2,28,3.332204510175204,5
578,7813,0,0,0,0.5702479338842975,0,15,121,4.795790545596741,8
579,3190,0,0,0,0.24489795918367346,0,20,49,3.8918202981106265,11
580,2256,0,1,0,0.0,0,8,1,0.0,8
581,12486,0,1,0,0.25289017341040465,0,17,1384,7.232733136177615,6
582,9734,0,0,0,0.42857142857142855,0,7,28,3.332204510175204,8
583,12058,0,0,0,0.1239193083573487,1,12,347,5.849324779946859,1
584,19498,0,1,0,0.1016949152542373,0,7,118,4.770684624465665,1
585,3463,0,1,0,0.3023255813953488,1,7,43,3.7612001156935624,4
586,8031,0,1,0,0.6444444444444445,0,20,45,3.8066624897703196,8
587,5979,0,0,0,0.2,1,12,5,1.6094379124341003,8
588,9754,0,0,0,0.3870967741935484,0,17,31,3.4339872044851463,8
589,11055,1,1,0,0.33783783783783783,0,10,148,4.997212273764115,3
590,9985,0,1,0,0.3333333333333333,1,20,6,1.791759469228055,8
591,5221,0,0,0,0.6,0,1,5,1.6094379124341003,5
592,3559,0,1,0,0.4117647058823529,1,4,17,2.833213344056216,5
593,7938,0,0,0,0.2608695652173913,0,2,23,3.1354942159291497,8
594,7488,0,0,0,0.0,1,4,1,0.0,11
595,1922,0,1,1,0.07692307692307693,1,14,13,2.5649493574615367,5
596,8141,0,1,0,0.2647058823529412,0,4,68,4.219507705176107,8
597,6187,0,0,0,0.23529411764705882,0,9,255,5.541263545158426,8
598,2062,0,1,0,0.2,0,7,5,1.6094379124341003,8
599,2943,0,1,0,0.4090909090909091,1,0,44,3.784189633918261,11
600,12767,0,1,0,0.125,0,1,8,2.0794415416798357,15
601,3500,0,0,0,0.36363636363636365,1,0,11,2.3978952727983707,5
602,8789,0,0,0,0.21951219512195122,0,0,41,3.713572066704308,7
603,3729,0,1,0,0.08571428571428572,1,14,70,4.248495242049359,5
604,7664,0,1,0,0.6363636363636364,1,3,11,2.3978952727983707,1
605,3503,0,1,0,0.24390243902439024,0,7,41,3.713572066704308,5
606,5821,0,0,0,0.3333333333333333,1,14,39,3.6635616461296463,8
607,3939,0,0,0,0.0,0,0,1,0.0,8
608,5436,0,1,0,0.0,0,15,1,0.0,5
609,5913,0,1,0,0.6153846153846154,0,1,13,2.5649493574615367,8
610,8051,0,0,0,0.27058823529411763,0,0,255,5.541263545158426,8
611,3843,0,1,0,0.19809069212410502,0,1,838,6.731018100482083,1
612,8884,0,1,0,0.2857142857142857,1,20,7,1.9459101490553132,5
613,8085,0,0,0,0.5102040816326531,0,6,49,3.8918202981106265,8
614,573,0,1,0,0.2,0,12,5,1.6094379124341003,13
615,12101,0,0,0,0.20440251572327045,0,17,318,5.762051382780177,1
616,1866,0,0,0,0.0,0,7,1,0.0,5
617,7100,0,1,0,0.3,1,3,20,2.995732273553991,5
618,5211,0,1,1,0.0,0,5,1,0.0,5
619,6006,0,0,0,0.0,0,20,1,0.0,11
620,8662,0,0,0,0.09090909090909091,0,0,11,2.3978952727983707,5
621,8248,0,0,0,0.2785714285714286,0,1,280,5.634789603169249,6
622,16721,0,0,0,0.2028985507246377,1,14,69,4.23410650459726,10
623,8690,0,1,0,0.22085889570552147,1,4,163,5.093750200806762,5
624,7101,0,1,1,0.2,0,4,5,1.6094379124341003,5
625,12857,0,1,0,0.10526315789473684,0,4,19,2.9444389791664403,15
626,5897,0,1,0,0.0,0,20,1,0.0,8
627,4178,0,0,0,0.03571428571428571,0,1,28,3.332204510175204,1
628,9806,0,0,1,0.35294117647058826,1,15,17,2.833213344056216,8
629,7973,0,1,0,0.25,0,1,12,2.4849066497880004,8
630,10062,0,0,0,0.34375,0,16,32,3.4657359027997265,8
631,5363,0,1,0,0.15985130111524162,0,4,269,5.594711379601839,5
632,4153,0,0,0,0.0,1,4,1,0.0,8
633,3570,0,0,0,0.18770226537216828,0,12,309,5.733341276897746,5
634,6368,0,1,0,0.16113744075829384,1,16,211,5.351858133476067,2
635,8025,0,1,0,0.275,0,1,160,5.075173815233827,8
636,7766,0,0,0,0.0,0,1,1,0.0,8
637,21287,0,0,0,0.10810810810810811,0,7,37,3.6109179126442243,1
638,16606,0,0,0,0.16666666666666666,0,6,6,1.791759469228055,15
639,16830,0,1,0,0.3333333333333333,1,20,3,1.0986122886681098,7
640,2139,0,1,0,0.0,0,0,1,0.0,8
641,5863,0,1,0,0.26666666666666666,0,4,15,2.70805020110221,8
642,4172,0,1,0,0.0,1,20,2,0.6931471805599453,8
643,11903,0,1,0,0.17857142857142858,0,7,112,4.718498871295094,1
644,4095,0,1,0,0.0,0,0,1,0.0,8
645,6950,0,0,0,0.5806451612903226,1,16,62,4.127134385045092,5
646,4031,0,1,1,0.09615384615384616,0,16,52,3.9512437185814275,1
647,11474,0,1,0,0.0945945945945946,1,17,74,4.30406509320417,1
648,945,0,1,0,0.2676056338028169,0,18,71,4.2626798770413155,4
649,12498,0,0,1,0.0,0,6,3,1.0986122886681098,7
650,2162,0,1,0,0.3953488372093023,0,0,43,3.7612001156935624,8
651,4026,0,1,0,0.75,1,20,4,1.3862943611198906,8
652,6866,0,1,0,0.3287671232876712,1,12,73,4.290459441148391,5
653,10012,1,1,0,0.11764705882352941,0,0,17,2.833213344056216,8
654,2186,0,1,0,0.6666666666666666,1,0,3,1.0986122886681098,8
655,11513,0,1,0,0.045454545454545456,0,0,22,3.091042453358316,1
656,6964,0,1,0,0.6363636363636364,1,4,22,3.091042453358316,5
657,2139,1,1,0,0.0,0,10,2,0.6931471805599453,8
658,12416,0,1,0,0.12162162162162163,1,17,148,4.997212273764115,16
659,5245,0,0,0,0.36065573770491804,0,6,366,5.902633333401366,5
660,5597,1,1,0,0.30666666666666664,0,10,75,4.31748811353631,3
661,1779,0,0,0,0.06896551724137931,0,4,29,3.367295829986474,5
662,9654,0,1,0,0.12,0,4,25,3.2188758248682006,2
663,7882,0,0,0,1.0,1,19,1,0.0,8
664,3080,0,1,0,0.2,1,3,90,4.499809670330265,11
665,4222,0,0,0,0.4444444444444444,0,0,27,3.295836866004329,8
666,8147,0,0,0,0.0625,0,7,16,2.772588722239781,3
667,7099,0,0,0,0.0,0,12,1,0.0,5
668,1824,0,1,0,0.0625,1,20,16,2.772588722239781,5
669,5392,0,0,0,0.2900763358778626,0,12,131,4.875197323201151,5
670,8370,1,1,0,0.2579185520361991,1,10,221,5.3981627015177525,6
671,20863,0,0,0,0.5,0,1,14,2.6390573296152584,7
672,3991,0,1,0,0.2088888888888889,1,1,225,5.41610040220442,6
673,8734,0,1,0,0.1590909090909091,1,6,44,3.784189633918261,5
674,6170,0,1,1,0.6666666666666666,0,14,3,1.0986122886681098,8
675,7000,0,0,0,0.4065040650406504,1,12,123,4.812184355372417,5
676,3999,0,1,0,0.0,1,0,1,0.0,8
677,1977,0,1,0,0.0,1,20,1,0.0,8
678,396,0,0,0,0.14814814814814814,1,20,27,3.295836866004329,13
679,4681,0,1,0,0.0,0,5,4,1.3862943611198906,11
680,7861,0,0,0,0.19562243502051985,0,0,731,6.594413459749778,8
681,3565,0,0,0,0.0,1,4,1,0.0,5
682,1947,0,0,0,0.15517241379310345,0,15,58,4.060443010546419,8
683,19507,0,0,0,0.23728813559322035,0,7,590,6.380122536899765,1
684,11790,0,1,0,0.1032258064516129,1,14,155,5.043425116919247,1
685,13689,0,1,0,0.08823529411764706,0,0,170,5.135798437050262,3
686,3236,0,0,0,0.22935779816513763,0,1,109,4.6913478822291435,2
687,3434,0,1,0,0.1346153846153846,1,0,52,3.9512437185814275,5
688,2148,0,1,0,0.3333333333333333,0,8,3,1.0986122886681098,8
689,13276,0,1,0,0.261455525606469,0,17,371,5.916202062607435,15
690,14043,0,0,0,0.3684210526315789,0,11,19,2.9444389791664403,10
691,1901,0,1,0,0.19230769230769232,1,16,26,3.258096538021482,5
692,15827,0,0,0,0.14666666666666667,0,7,225,5.41610040220442,1
693,2071,0,1,0,0.0,1,1,3,1.0986122886681098,8
694,16651,0,0,0,0.17655172413793102,0,4,725,6.586171654854675,6
695,3600,1,1,0,0.2,1,12,10,2.302585092994046,5
696,6874,0,1,0,0.5,0,4,16,2.772588722239781,5
697,16059,1,1,1,0.5714285714285714,0,10,7,1.9459101490553132,6
698,2860,0,0,0,0.0,0,0,3,1.0986122886681098,3
699,8603,0,0,0,0.5,1,4,2,0.6931471805599453,5
700,7884,0,0,0,0.0,1,20,1,0.0,8
701,7947,0,1,0,0.0,1,20,1,0.0,8
702,20331,0,1,0,0.3125,0,4,32,3.4657359027997265,7
703,7931,0,0,0,0.05,0,15,20,2.995732273553991,3
704,13254,1,1,0,0.11764705882352941,0,10,68,4.219507705176107,2
705,1748,0,1,0,0.19375,1,0,160,5.075173815233827,5
706,8063,0,0,0,0.3333333333333333,0,20,33,3.4965075614664802,8
707,1940,0,1,0,0.24705882352941178,1,7,85,4.442651256490317,8
708,5909,0,1,0,0.38235294117647056,1,20,68,4.219507705176107,8
709,6061,0,0,0,0.4666666666666667,0,1,15,2.70805020110221,8
710,16706,0,0,0,0.8333333333333334,0,6,6,1.791759469228055,7
711,7153,0,1,0,0.3333333333333333,0,11,6,1.791759469228055,5
712,7913,0,0,0,0.0,0,12,1,0.0,8
713,7417,0,0,0,0.0,0,7,3,1.0986122886681098,11
714,6852,0,0,1,1.0,1,0,2,0.6931471805599453,5
715,8092,0,1,0,0.2669902912621359,0,4,412,6.021023349349527,8
716,4043,0,0,0,0.6551724137931034,1,20,29,3.367295829986474,8
717,15172,0,1,1,0.16286644951140064,0,1,921,6.825460036255307,1
718,4041,0,1,0,0.4528301886792453,1,1,53,3.970291913552122,8
719,4151,0,1,1,0.22784810126582278,1,0,79,4.3694478524670215,8
720,3126,0,1,0,0.3641025641025641,0,4,195,5.272999558563747,18
721,3643,0,1,0,0.19523809523809524,0,4,210,5.3471075307174685,2
722,1762,0,1,0,0.15609756097560976,0,12,410,6.016157159698354,5
723,11822,0,1,0,0.15040650406504066,1,4,246,5.5053315359323625,1
724,20323,0,1,0,0.0,0,20,1,0.0,6
725,6994,0,1,1,0.23715415019762845,0,0,506,6.226536669287466,5
726,7884,0,1,0,0.0,1,4,1,0.0,8
727,6031,0,1,0,0.0,1,12,1,0.0,8
728,18456,0,0,0,0.0,1,0,1,0.0,6
729,1972,0,1,0,0.16666666666666666,0,0,6,1.791759469228055,5
730,4222,0,0,0,0.0,1,4,2,0.6931471805599453,8
731,11426,0,0,1,0.1320754716981132,1,0,106,4.663439094112067,1
732,5315,0,1,0,0.16111111111111112,0,20,180,5.19295685089021,5
733,9976,0,0,1,0.24561403508771928,1,1,342,5.834810737062605,8
734,2143,0,1,0,0.45161290322580644,0,0,62,4.127134385045092,8
735,7928,0,1,0,0.3232758620689655,1,4,232,5.44673737166631,8
736,18380,0,0,1,0.5882352941176471,1,0,34,3.5263605246161616,7
737,3649,0,0,0,0.43333333333333335,1,4,120,4.787491742782046,5
738,5984,0,1,0,0.34146341463414637,0,4,205,5.3230099791384085,8
739,7897,0,1,1,0.2903225806451613,1,16,31,3.4339872044851463,8
740,7081,0,1,0,0.2,0,15,5,1.6094379124341003,5
741,16359,0,0,0,0.4,0,7,15,2.70805020110221,16
742,11794,0,0,0,0.11764705882352941,1,20,51,3.9318256327243257,1
743,819,0,1,1,0.16901408450704225,0,18,71,4.2626798770413155,13
744,5203,0,1,0,0.0,0,2,5,1.6094379124341003,5
745,3502,0,0,0,0.0,0,0,28,3.332204510175204,5
746,11950,0,1,0,0.0,0,0,5,1.6094379124341003,1
747,7177,0,1,0,0.2736842105263158,1,15,95,4.553876891600541,5
748,2222,0,1,0,0.0,0,0,2,0.6931471805599453,8
749,4073,0,1,0,0.0,1,7,1,0.0,8
750,9930,0,1,0,0.0,1,0,1,0.0,8
751,8062,0,1,0,0.38461538461538464,1,17,13,2.5649493574615367,8
752,2096,0,1,0,0.0,0,14,1,0.0,8
753,6779,0,1,0,0.20833333333333334,0,7,24,3.1780538303479458,2
754,6887,0,1,0,0.24,0,17,75,4.31748811353631,5
755,6986,0,1,0,0.42953020134228187,0,0,149,5.003946305945459,5
756,9967,0,1,0,0.2,0,16,10,2.302585092994046,8
757,7890,0,0,0,0.250814332247557,0,3,307,5.726847747587197,8
758,3435,0,1,0,0.13636363636363635,1,7,44,3.784189633918261,5
759,2025,1,1,0,0.5,0,10,2,0.6931471805599453,8
760,5927,0,0,0,0.2631578947368421,0,12,57,4.04305126783455,8
761,11853,0,0,0,0.1323529411764706,0,4,136,4.912654885736052,1
762,2066,1,1,0,0.3813559322033898,0,10,118,4.770684624465665,4
763,5391,0,1,1,0.5587188612099644,0,17,281,5.638354669333745,5
764,11757,0,1,0,0.20833333333333334,0,19,72,4.276666119016055,1
765,5179,0,1,0,0.20833333333333334,0,4,24,3.1780538303479458,5
766,7625,0,0,0,0.18181818181818182,0,2,11,2.3978952727983707,11
767,4705,0,0,1,0.11363636363636363,1,0,88,4.477336814478207,16
768,5891,0,1,1,1.0,0,4,2,0.6931471805599453,8
769,3923,0,1,0,0.35294117647058826,1,4,17,2.833213344056216,8
770,1784,0,1,0,0.0,0,19,5,1.6094379124341003,5
771,6123,0,1,0,0.5180722891566265,0,1,83,4.418840607796598,8
772,8300,0,0,0,0.10266159695817491,1,17,263,5.572154032177765,1
773,16516,0,0,0,0.17647058823529413,1,0,17,2.833213344056216,6
774,7889,0,0,0,0.3333333333333333,0,1,66,4.189654742026425,8
775,3709,0,0,0,0.31137724550898205,0,16,334,5.811140992976701,2
776,7983,0,1,0,0.5,0,4,2,0.6931471805599453,8
777,9854,0,0,1,0.0,0,1,4,1.3862943611198906,8
778,15907,0,0,0,0.22259696458684655,0,17,1186,7.078341579557671,1
779,8124,0,0,0,0.0,1,4,1,0.0,8
780,7082,0,0,0,0.0,0,20,7,1.9459101490553132,5
781,15756,0,0,0,0.1292517006802721,0,17,147,4.990432586778736,1
782,4014,0,1,0,0.7058823529411765,1,20,17,2.833213344056216,8
783,7125,0,0,1,0.375,1,0,8,2.0794415416798357,5
784,7122,0,0,1,0.4444444444444444,0,13,9,2.1972245773362196,5
785,12146,0,0,0,0.2245508982035928,0,20,334,5.811140992976701,7
786,1868,0,1,0,0.07692307692307693,1,7,13,2.5649493574615367,5
787,5338,0,1,1,0.0,0,17,1,0.0,5
788,16396,0,0,0,0.21428571428571427,0,7,28,3.332204510175204,16
789,1864,0,0,0,0.16,0,12,25,3.2188758248682006,5
790,6138,1,1,0,1.0,0,0,1,0.0,8
791,11950,0,1,0,0.0,0,17,5,1.6094379124341003,1
792,6009,0,1,1,0.2857142857142857,1,0,28,3.332204510175204,8
793,11617,0,0,0,0.1,0,13,10,2.302585092994046,1
794,4008,0,1,0,0.6153846153846154,1,0,13,2.5649493574615367,8
795,4562,0,1,1,0.18382352941176472,0,19,136,4.912654885736052,11
796,16676,0,0,0,0.15151515151515152,0,7,165,5.10594547390058,16
797,1467,0,1,1,0.25,0,1,36,3.58351893845611,12
798,4149,0,0,0,0.2,1,20,30,3.4011973816621555,6
799,2162,0,0,1,0.2857142857142857,0,1,21,3.044522437723423,4
800,4475,0,0,0,0.11320754716981132,0,2,53,3.970291913552122,11
801,2058,0,0,0,1.0,1,19,2,0.6931471805599453,8
802,5498,0,0,1,0.375,0,4,24,3.1780538303479458,17
803,11012,0,0,1,0.0,0,6,1,0.0,2
804,1473,0,0,0,0.14705882352941177,0,6,102,4.624972813284271,11
805,8715,0,1,0,0.4878048780487805,0,13,82,4.406719247264253,5
806,5831,0,0,0,0.08571428571428572,0,0,35,3.5553480614894135,8
807,2248,0,0,0,0.0,1,4,1,0.0,8
808,6128,0,1,0,0.2692307692307692,1,20,26,3.258096538021482,11
809,6384,0,1,0,0.14583333333333334,1,20,48,3.871201010907891,2
810,7159,0,0,0,0.3933333333333333,0,1,300,5.703782474656201,5
811,1775,0,1,0,0.37317073170731707,0,11,410,6.016157159698354,12
812,1430,0,0,0,0.45077720207253885,1,2,193,5.262690188904886,12
813,5199,0,1,0,0.46078431372549017,0,20,102,4.624972813284271,5
814,7916,0,0,0,0.47043010752688175,1,2,372,5.918893854273146,14
815,563,0,1,1,0.25363825363825365,0,16,481,6.175867270105761,13
816,758,0,0,0,0.29475587703435807,0,1,553,6.315358001522335,13
817,8599,0,0,0,0.3333333333333333,0,0,198,5.288267030694535,5
818,929,0,1,0,0.46078431372549017,0,19,102,4.624972813284271,12
819,8816,0,0,0,0.55,0,1,60,4.0943445622221,5
820,8132,0,1,0,0.25925925925925924,1,20,729,6.591673732008658,8
821,6874,0,1,0,0.28888888888888886,1,14,225,5.41610040220442,5
822,7036,0,1,1,0.3215130023640662,1,4,423,6.0473721790462776,5
823,7124,0,0,0,0.38372093023255816,1,3,172,5.147494476813453,5
824,8034,0,1,0,0.2866741321388578,0,9,893,6.794586580876499,8
825,19030,0,0,0,0.22509225092250923,1,0,542,6.295266001439646,1
826,1057,1,1,0,0.47305389221556887,1,10,334,5.811140992976701,12
827,8645,0,1,0,0.5408163265306123,0,11,196,5.278114659230517,5
828,5415,0,0,1,0.4956896551724138,0,1,232,5.44673737166631,10
829,2757,0,1,0,0.6578947368421053,0,4,38,3.6375861597263857,4
830,1768,0,1,0,0.5052631578947369,0,0,95,4.553876891600541,12
831,16352,0,0,0,0.3047619047619048,0,1,945,6.851184927493743,2
832,8009,0,0,1,0.38762214983713356,0,7,614,6.419994928147142,14
833,8824,0,1,0,0.2732919254658385,1,6,161,5.081404364984463,5
834,18741,0,1,0,0.26865671641791045,1,3,268,5.5909869805108565,1
835,9866,0,1,0,0.2365415986949429,0,0,613,6.418364935936212,8
836,7869,0,1,1,0.18619246861924685,0,3,956,6.862757913051401,1
837,13271,0,0,0,0.4,0,20,5,1.6094379124341003,7
838,9881,0,0,0,0.4481132075471698,0,12,212,5.356586274672012,8
839,7098,0,1,0,0.5,0,11,36,3.58351893845611,5
840,18364,0,0,1,0.43555555555555553,1,3,225,5.41610040220442,1
841,16714,0,0,0,0.21153846153846154,0,0,52,3.9512437185814275,16
842,19131,0,0,0,0.35319148936170214,0,15,235,5.459585514144159,1
843,759,0,1,0,0.32727272727272727,1,20,110,4.700480365792417,13
844,7947,0,0,0,0.56,0,1,100,4.605170185988092,14
845,6863,0,0,0,0.411214953271028,0,15,214,5.365976015021851,5
846,7121,0,1,0,0.33136094674556216,0,16,169,5.1298987149230735,5
847,5261,0,1,0,0.5454545454545454,1,7,44,3.784189633918261,5
848,5309,0,0,0,0.31746031746031744,0,5,63,4.143134726391533,5
849,5467,0,1,1,0.6666666666666666,0,13,21,3.044522437723423,5
850,1422,1,1,0,0.5454545454545454,1,10,99,4.59511985013459,12
851,5427,0,1,0,0.6666666666666666,0,3,6,1.791759469228055,5
852,15486,0,1,1,0.15920398009950248,0,7,201,5.303304908059076,1
853,12931,0,1,0,0.1702127659574468,1,1,47,3.8501476017100584,2
854,12053,0,0,0,0.3668639053254438,0,20,169,5.1298987149230735,6
855,9788,0,0,0,0.5339805825242718,1,16,103,4.634728988229636,8
856,7911,0,0,0,0.1568627450980392,0,13,51,3.9318256327243257,1
857,6964,0,1,0,0.5034965034965035,0,3,143,4.962844630259907,5
858,5230,0,1,0,0.25,1,20,92,4.5217885770490405,5
859,5465,1,1,0,0.2571428571428571,1,2,105,4.653960350157523,5
860,5830,0,0,0,0.3150684931506849,0,11,73,4.290459441148391,8
861,5976,0,1,0,0.25,0,14,128,4.852030263919617,8
862,940,0,1,0,0.31333333333333335,0,3,150,5.0106352940962555,4
863,7131,0,0,0,0.33497536945812806,1,20,203,5.313205979041787,5
864,12890,0,0,0,0.19310344827586207,0,12,145,4.976733742420574,2
865,9856,0,1,0,0.26717557251908397,0,0,393,5.973809611869261,8
866,7861,0,1,0,0.26,0,7,200,5.298317366548036,8
867,5447,0,0,0,0.3864734299516908,0,15,207,5.332718793265369,5
868,5839,0,1,0,0.5769230769230769,0,13,26,3.258096538021482,8
869,7768,0,0,0,0.5,0,3,20,2.995732273553991,8
870,3432,0,1,0,0.3333333333333333,1,3,6,1.791759469228055,5
871,5930,0,0,0,0.5294117647058824,0,12,34,3.5263605246161616,8
872,12547,0,0,0,0.125,0,17,8,2.0794415416798357,6
873,1992,0,1,0,0.4,0,4,15,2.70805020110221,5
874,12637,0,0,0,0.2857142857142857,0,16,7,1.9459101490553132,16
875,1040,0,0,0,0.15151515151515152,0,1,33,3.4965075614664802,12
876,3012,0,1,0,0.2,0,7,30,3.4011973816621555,11
877,16498,0,0,0,0.23841059602649006,0,14,151,5.017279836814924,6
878,10002,0,0,0,0.5,0,1,4,1.3862943611198906,8
879,1542,0,0,0,0.125,1,7,8,2.0794415416798357,11
880,7552,0,1,0,0.19170984455958548,0,4,386,5.955837369464831,11
881,11823,0,1,0,0.29876977152899825,0,16,569,6.343880434126331,1
882,2002,0,1,0,0.23809523809523808,1,4,21,3.044522437723423,5
883,7765,0,1,1,0.3918918918918919,0,7,148,4.997212273764115,14
884,8140,0,0,0,1.0,0,7,5,1.6094379124341003,8
885,10014,0,0,0,0.20454545454545456,0,17,44,3.784189633918261,8
886,5821,0,0,0,0.3333333333333333,0,0,3,1.0986122886681098,8
887,3725,0,0,0,0.0,0,0,1,0.0,2
888,7362,0,0,0,0.32142857142857145,0,1,28,3.332204510175204,14
889,405,0,1,0,0.0,0,4,1,0.0,18
890,7805,0,0,0,0.288135593220339,0,20,59,4.07753744390572,8
891,15878,0,0,0,0.0,0,12,2,0.6931471805599453,1
892,6001,0,1,0,0.5,0,17,2,0.6931471805599453,8
893,8004,0,1,0,0.391304347826087,0,9,46,3.828641396489095,8
894,5311,0,0,0,0.5333333333333333,0,15,15,2.70805020110221,5
895,8907,0,1,0,1.0,1,20,2,0.6931471805599453,6
896,13003,0,0,0,0.45528455284552843,0,17,123,4.812184355372417,15
897,8018,0,1,0,0.36363636363636365,0,7,22,3.091042453358316,8
898,5232,0,1,0,0.5116279069767442,0,1,43,3.7612001156935624,5
899,8181,0,1,0,0.07142857142857142,1,0,28,3.332204510175204,16
900,6166,0,1,0,0.2524271844660194,1,3,103,4.634728988229636,8
901,4620,0,1,0,0.4,0,12,10,2.302585092994046,6
902,7952,0,1,0,0.5,0,7,6,1.791759469228055,8
903,7881,0,0,0,0.29880478087649404,0,13,251,5.5254529391317835,8
904,8270,0,1,0,0.08088235294117647,1,20,136,4.912654885736052,1
905,6024,0,0,0,0.29411764705882354,1,7,17,2.833213344056216,11
906,12075,0,1,0,0.16071428571428573,0,13,56,4.02535169073515,6
907,12039,0,1,0,0.14285714285714285,1,4,154,5.0369526024136295,6
908,3938,0,1,0,0.13846153846153847,0,7,65,4.174387269895637,8
909,7052,0,1,0,0.1875,0,1,128,4.852030263919617,5
910,16304,0,1,1,0.2631578947368421,1,1,19,2.9444389791664403,6
911,14334,0,0,0,0.296875,0,1,64,4.1588830833596715,10
912,11370,0,1,0,0.5,1,2,2,0.6931471805599453,1
913,16018,0,0,0,0.2661971830985915,0,17,710,6.565264970035361,2
914,20326,0,1,1,0.3333333333333333,1,2,12,2.4849066497880004,7
915,8609,0,1,1,0.21040189125295508,0,1,423,6.0473721790462776,5
916,8814,0,1,0,0.18811881188118812,0,20,202,5.308267697401205,5
917,8709,0,1,0,0.24113475177304963,0,17,705,6.558197802812269,5
918,8793,0,0,0,0.20717131474103587,0,4,502,6.218600119691729,5
919,5251,0,1,0,0.3568281938325991,1,7,227,5.424950017481403,5
920,7892,0,0,0,0.3142857142857143,0,20,70,4.248495242049359,8
921,3756,0,1,0,0.3023255813953488,0,13,86,4.454347296253507,2
922,16093,0,0,0,0.2618384401114206,0,7,359,5.883322388488279,2
923,12829,0,0,0,0.16417910447761194,0,17,67,4.204692619390966,15
924,762,0,0,0,0.35294117647058826,0,11,204,5.318119993844216,13
925,699,0,1,0,0.2857142857142857,0,1,7,1.9459101490553132,13
926,1392,0,0,0,0.375,1,15,384,5.950642552587727,12
927,20261,0,1,1,0.18167456556082148,0,0,633,6.450470422144176,6
928,7995,0,0,1,0.17540983606557378,0,7,610,6.413458957167357,1
929,3627,0,1,0,0.22872340425531915,0,7,188,5.236441962829949,5
930,578,0,1,0,0.23267326732673269,0,7,404,6.0014148779611505,13
931,7801,0,1,0,0.27925531914893614,0,1,376,5.929589143389895,8
932,7918,0,1,0,0.3218562874251497,0,2,668,6.504288173536645,8
933,5980,0,0,1,0.21926910299003322,0,20,301,5.707110264748875,8
934,6109,0,0,0,0.40606060606060607,0,1,165,5.10594547390058,8
935,2832,0,1,1,0.26465798045602607,0,3,1228,7.113142108707088,4
936,5177,0,1,0,0.0,1,19,2,0.6931471805599453,5
937,6019,0,0,0,0.3,0,0,100,4.605170185988092,8
938,19303,0,1,0,0.21645021645021645,0,17,231,5.442417710521793,1
939,15849,0,0,0,0.24686940966010734,0,4,559,6.326149473155099,1
940,3978,0,1,0,0.0,0,19,3,1.0986122886681098,8
941,9884,0,0,0,0.2914798206278027,1,0,223,5.407171771460119,8
942,9847,0,0,0,0.3655913978494624,0,9,279,5.631211781821365,8
943,1708,0,1,0,0.25,0,7,24,3.1780538303479458,11
944,5148,1,1,0,0.6666666666666666,1,10,3,1.0986122886681098,5
945,17015,0,1,0,0.32653061224489793,0,17,49,3.8918202981106265,7
946,11566,0,1,0,0.1875,1,4,16,2.772588722239781,1
947,5481,0,0,1,0.3333333333333333,1,3,21,3.044522437723423,10
948,1994,0,1,0,0.2,0,1,20,2.995732273553991,5
949,1745,0,0,0,0.0,1,4,1,0.0,5
950,8070,0,0,0,0.3333333333333333,0,16,6,1.791759469228055,8
951,9987,0,1,0,0.5,1,1,8,2.0794415416798357,8
952,6493,0,0,0,0.0,1,4,1,0.0,2
953,7911,0,0,0,0.3076923076923077,0,20,13,2.5649493574615367,8
954,8113,0,1,0,0.2703862660944206,0,2,233,5.4510384535657,8
955,6204,0,0,0,0.125,1,7,8,2.0794415416798357,8
956,12648,0,1,0,0.15,0,2,20,2.995732273553991,6
957,9889,0,0,0,0.2909090909090909,0,12,220,5.393627546352362,8
958,6954,0,1,0,0.19806763285024154,0,12,207,5.332718793265369,5
959,3549,0,1,0,0.31547619047619047,1,4,168,5.123963979403259,5
960,15584,0,1,0,0.17016574585635358,0,2,905,6.807934943699926,1
961,4699,0,1,1,0.15789473684210525,0,0,95,4.553876891600541,11
962,18964,0,1,1,0.13473684210526315,0,0,475,6.163314804034641,1
963,3113,0,1,1,0.1532258064516129,0,16,124,4.820281565605037,18
964,9870,0,0,0,0.3018867924528302,0,20,106,4.663439094112067,8
965,7784,0,1,0,0.34146341463414637,0,14,123,4.812184355372417,8
966,11967,0,1,0,0.0,0,17,2,0.6931471805599453,1
967,7089,0,0,0,0.2995391705069124,0,1,217,5.37989735354046,5
968,5267,0,1,0,0.218609865470852,0,17,892,6.79346613258001,5
969,12292,0,0,1,0.0,0,4,4,1.3862943611198906,16
970,2229,0,1,0,0.0,1,1,1,0.0,8
971,17006,0,1,0,0.0,0,7,5,1.6094379124341003,7
972,12653,0,1,0,0.0,0,4,2,0.6931471805599453,15
973,20443,0,0,0,0.13333333333333333,1,14,150,5.0106352940962555,6
974,10767,0,0,0,0.26359832635983266,0,1,478,6.169610732491456,3
975,16461,0,1,0,0.0,0,16,2,0.6931471805599453,6
976,8086,0,1,1,0.425,1,7,80,4.382026634673881,8
977,8137,0,1,1,0.17647058823529413,1,16,17,2.833213344056216,8
978,20607,0,0,0,0.26666666666666666,0,1,15,2.70805020110221,16
979,4829,0,0,1,0.0,0,18,4,1.3862943611198906,6
980,23354,0,1,0,0.2,0,2,5,1.6094379124341003,15
981,1924,0,1,0,0.0,1,4,1,0.0,5
982,7789,0,1,0,0.23404255319148937,0,1,47,3.8501476017100584,8
983,5362,0,0,0,0.24074074074074073,0,15,54,3.9889840465642745,5
984,9735,0,1,0,0.3333333333333333,0,3,12,2.4849066497880004,8
985,2050,0,1,0,0.0,0,4,1,0.0,5
986,2161,0,0,0,0.0,0,1,1,0.0,8
987,8627,0,0,0,0.30434782608695654,0,9,46,3.828641396489095,5
988,1682,0,1,0,0.1,0,7,10,2.302585092994046,11
989,16780,0,0,0,0.125,0,6,16,2.772588722239781,7
990,4361,0,0,0,0.0,1,20,10,2.302585092994046,15
991,8619,0,1,0,0.24892703862660945,0,17,233,5.4510384535657,5
992,8566,0,1,0,0.3546511627906977,1,1,344,5.840641657373398,5
993,2293,0,0,0,0.27722772277227725,1,15,101,4.61512051684126,8
994,3726,0,1,0,0.5,1,4,2,0.6931471805599453,2
995,8784,0,0,0,0.2602040816326531,0,20,196,5.278114659230517,5
996,7762,0,1,0,0.36231884057971014,1,20,69,4.23410650459726,8
997,7826,0,0,0,0.4666666666666667,1,19,75,4.31748811353631,8
998,7945,0,0,0,0.13392857142857142,1,6,112,4.718498871295094,1
999,20529,0,1,0,0.27631578947368424,0,0,456,6.1224928095143865,6
1000,5418,0,1,0,0.2608695652173913,0,4,23,3.1354942159291497,5
1001,8201,0,1,0,0.14285714285714285,0,6,7,1.9459101490553132,3
1002,5912,0,0,0,0.3453887884267631,0,15,553,6.315358001522335,8
1003,7100,0,0,0,0.3191489361702128,0,1,47,3.8501476017100584,5
1004,7823,0,0,0,0.3168724279835391,1,15,243,5.493061443340548,8
1005,2316,0,0,1,0.31746031746031744,1,2,315,5.752572638825633,8
1006,7852,0,0,0,0.44,0,6,75,4.31748811353631,8
1007,6958,0,1,0,0.45977011494252873,0,11,348,5.8522024797744745,5
1008,16280,0,1,1,0.2251655629139073,0,3,151,5.017279836814924,16
1009,7852,0,1,0,0.3013698630136986,0,4,73,4.290459441148391,8
1010,8491,0,1,0,0.31092436974789917,1,14,119,4.77912349311153,16
1011,20712,0,0,0,0.3448275862068966,1,20,58,4.060443010546419,7
1012,7995,0,0,0,0.2457627118644068,0,17,944,6.8501261661455,8
1013,8885,0,0,0,0.13333333333333333,0,16,105,4.653960350157523,16
1014,15824,0,1,0,0.22438717787554996,0,2,1591,7.372118028337787,1
1015,19327,0,1,0,0.2785714285714286,0,1,1260,7.138866999945524,1
1016,19462,0,0,0,0.2282934131736527,1,1,1336,7.197435354096591,1
1017,16856,0,0,0,0.15821501014198783,0,4,493,6.20050917404269,6
1018,18963,0,0,0,0.1593625498007968,0,1,1004,6.911747300251674,1
1019,15265,1,1,1,0.10304449648711944,0,10,427,6.056784013228625,1
1020,5195,0,0,0,0.3055555555555556,1,2,36,3.58351893845611,5
1021,7965,0,1,0,0.21518987341772153,1,3,316,5.755742213586912,8
1022,12920,0,1,0,0.16933638443935928,1,16,437,6.07993319509559,15
1023,11488,0,1,0,0.1440677966101695,0,12,118,4.770684624465665,1
1024,17391,0,0,0,0.17378497790868924,1,3,679,6.520621127558696,15
1025,7989,0,1,1,0.3215686274509804,1,7,510,6.234410725718371,8
1026,8079,0,0,0,0.13814756671899528,1,0,637,6.456769655572163,1
1027,2392,0,1,0,0.06593406593406594,0,16,91,4.51085950651685,18
1028,19072,0,0,0,0.2157244964262508,0,17,1539,7.338888133838879,1
1029,3745,0,1,1,0.2727272727272727,0,2,121,4.795790545596741,2
1030,584,0,0,0,0.21328671328671328,0,0,286,5.655991810819852,13
1031,16272,0,0,0,0.22075055187637968,0,16,906,6.80903930604298,6
1032,7746,1,1,0,0.18867924528301888,1,10,1113,7.014814351275545,1
1033,19473,0,1,0,0.142,0,3,500,6.214608098422191,1
1034,15888,0,1,0,0.22727272727272727,1,0,44,3.784189633918261,1
1035,9988,0,0,0,0.16111111111111112,0,16,180,5.19295685089021,2
1036,19629,0,0,0,0.09243697478991597,0,3,119,4.77912349311153,1
1037,6128,0,1,0,0.2480974124809741,0,20,657,6.48768401848461,8
1038,15628,0,0,0,0.19678714859437751,0,12,747,6.616065185132817,1
1039,11562,0,0,0,0.20304017372421282,0,1,921,6.825460036255307,1
1040,15590,0,0,1,0.14221556886227546,0,7,668,6.504288173536645,1
1041,13414,0,1,0,0.22,1,6,250,5.521460917862246,3
1042,7804,0,0,0,0.22488038277511962,0,12,209,5.342334251964811,8
1043,7778,0,0,0,0.27983539094650206,0,0,729,6.591673732008658,8
1044,7002,0,1,0,0.265625,0,7,128,4.852030263919617,5
1045,16058,0,0,0,0.11851851851851852,1,14,135,4.90527477843843,2
1046,3993,0,0,0,0.17534246575342466,0,1,365,5.8998973535824915,8
1047,8616,0,1,0,0.27890173410404623,1,12,692,6.539585955617669,5
1048,9940,0,1,0,0.24556962025316456,0,2,395,5.978885764901122,2
1049,558,0,1,0,0.11538461538461539,1,20,26,3.258096538021482,13
1050,15204,0,1,0,0.13992537313432835,1,1,536,6.284134161070802,1
1051,8737,0,0,0,0.22920517560073936,1,14,541,6.293419278846481,5
1052,1827,0,0,0,0.2899728997289973,0,17,369,5.910796644040527,5
1053,6957,0,1,1,0.42857142857142855,1,7,49,3.8918202981106265,5
1054,5899,0,0,0,0.22777777777777777,0,1,180,5.19295685089021,8
1055,6894,0,0,1,0.30612244897959184,0,16,196,5.278114659230517,5
1056,15783,0,0,0,0.1746987951807229,0,4,1162,7.057897937411856,1
1057,8748,0,1,0,0.08823529411764706,0,4,34,3.5263605246161616,5
1058,19117,0,1,0,0.185121107266436,0,20,578,6.359573868672378,1
1059,1728,0,0,0,0.2598870056497175,0,17,177,5.176149732573829,5
1060,6922,0,1,1,0.27595628415300544,0,3,366,5.902633333401366,5
1061,8075,0,1,0,0.19289340101522842,0,4,197,5.2832037287379885,8
1062,7938,0,1,0,0.26963906581740976,0,17,471,6.154858094016418,8
1063,7801,0,1,0,0.29461756373937675,1,15,706,6.559615237493242,8
1064,20483,0,1,0,0.21052631578947367,0,18,285,5.652489180268651,6
1065,16500,0,1,0,0.18592964824120603,0,16,398,5.986452005284438,6
1066,7908,0,0,1,0.14476190476190476,1,14,525,6.263398262591624,1
1067,9723,0,1,1,0.24087591240875914,1,11,137,4.919980925828125,2
1068,9732,0,1,0,0.22328548644338117,0,7,627,6.440946540632921,8
1069,5846,0,0,0,0.1702127659574468,0,17,282,5.641907070938114,8
1070,16500,0,0,0,0.1968503937007874,0,11,254,5.537334267018537,16
1071,5183,0,0,0,0.08695652173913043,1,12,23,3.1354942159291497,5
1072,8841,0,1,1,0.1751592356687898,0,7,314,5.749392985908253,5
1073,8731,0,0,0,0.22178988326848248,0,3,257,5.54907608489522,5
1074,2944,0,0,0,0.21702838063439064,0,20,599,6.395261598115449,3
1075,13009,0,0,0,0.2650103519668737,0,9,966,6.873163834212518,2
1076,16549,0,1,0,0.2085889570552147,0,11,163,5.093750200806762,16
1077,15482,0,1,0,0.14527027027027026,0,17,296,5.69035945432406,1
1078,15903,0,0,0,0.13172043010752688,0,11,372,5.918893854273146,1
1079,6067,0,1,0,0.13866666666666666,0,12,375,5.926926025970411,11
1080,11693,0,0,0,0.37593984962406013,0,0,133,4.890349128221754,1
1081,7011,1,1,0,0.28198859005704974,1,10,1227,7.112327444710911,5
1082,3794,0,1,0,0.14732965009208104,0,0,543,6.297109319933935,2
1083,23603,0,1,0,0.22422680412371135,0,2,388,5.961005339623274,16
1084,5849,0,1,0,0.36477987421383645,0,1,159,5.0689042022202315,8
1085,8709,0,1,0,0.3378016085790885,0,11,373,5.921578419643816,5
1086,7193,0,0,0,0.24591381872213966,0,16,1346,7.204892510204673,5
1087,7949,0,0,0,0.38622754491017963,1,2,334,5.811140992976701,14
1088,8088,0,0,0,0.1378299120234604,0,5,341,5.831882477283517,1
1089,8858,0,0,0,0.21951219512195122,1,4,82,4.406719247264253,16
1090,15985,0,1,0,0.12244897959183673,0,3,245,5.501258210544727,2
1091,19672,0,1,0,0.1691919191919192,0,3,396,5.981414211254481,1
1092,7010,0,1,0,0.188911704312115,1,12,487,6.18826412308259,5
1093,15482,0,1,0,0.3791208791208791,0,0,182,5.204006687076795,1
1094,8886,0,0,0,0.24528301886792453,0,1,636,6.455198563340122,5
1095,7031,0,1,0,0.34951456310679613,0,2,103,4.634728988229636,5
1096,9789,0,1,0,0.40939597315436244,1,20,149,5.003946305945459,8
1097,8850,0,1,0,0.24528301886792453,1,7,106,4.663439094112067,16
1098,13557,0,1,0,0.3013698630136986,0,2,511,6.236369590203704,3
1099,2318,0,0,0,0.12236286919831224,0,17,237,5.4680601411351315,18
1100,23792,0,1,0,0.23684210526315788,1,3,304,5.717027701406222,16
1101,3528,0,0,0,0.2638888888888889,0,7,432,6.068425588244111,5
1102,2209,0,0,0,0.43795620437956206,0,17,137,4.919980925828125,8
1103,15555,0,1,0,0.18604651162790697,0,13,387,5.958424693029782,1
1104,7019,0,1,0,0.22203947368421054,0,7,608,6.410174881966167,5
1105,16905,0,1,1,0.23958333333333334,0,12,96,4.564348191467836,6
1106,5868,0,0,0,0.44642857142857145,1,20,112,4.718498871295094,8
1107,18974,0,1,0,0.19730941704035873,0,4,892,6.79346613258001,1
1108,8788,0,0,0,0.221875,0,1,320,5.768320995793772,5
1109,7809,0,0,0,0.2536443148688047,0,1,343,5.8377304471659395,8
1110,7179,0,0,0,0.18488745980707397,0,17,622,6.432940092739179,5
1111,7860,0,1,1,0.3014705882352941,0,0,136,4.912654885736052,8
1112,8044,0,1,0,0.4576271186440678,0,18,295,5.68697535633982,8
1113,7032,0,1,0,0.2157676348547718,0,4,241,5.484796933490655,5
1114,7874,0,1,0,0.15418502202643172,0,4,227,5.424950017481403,1
1115,9894,0,1,1,0.20971867007672634,0,3,391,5.968707559985366,2
1116,8084,0,0,0,0.32748538011695905,0,1,171,5.14166355650266,8
1117,16616,0,0,0,0.10309278350515463,0,20,194,5.267858159063328,16
1118,5897,0,0,0,0.2379862700228833,0,1,437,6.07993319509559,8
1119,10121,0,0,0,0.18181818181818182,0,17,165,5.10594547390058,3
1120,15795,0,1,0,0.21895861148197596,0,20,749,6.618738983517219,1
1121,5846,0,1,0,0.24561403508771928,1,20,57,4.04305126783455,8
1122,7818,0,0,0,0.189873417721519,1,3,79,4.3694478524670215,1
1123,8599,0,1,0,0.30439952437574314,1,3,841,6.734591659972948,5
1124,21079,0,1,0,0.16666666666666666,0,0,24,3.1780538303479458,15
1125,1778,0,1,0,0.0,0,2,4,1.3862943611198906,5
1126,6075,0,1,1,0.25,0,4,16,2.772588722239781,11
1127,4068,0,1,0,0.0,0,0,4,1.3862943611198906,18
1128,8423,0,0,1,0.5,1,0,2,0.6931471805599453,16
1129,3667,0,1,0,0.13333333333333333,1,20,15,2.70805020110221,2
1130,7660,0,1,0,0.1411764705882353,0,19,510,6.234410725718371,1
1131,5895,0,0,0,0.1936619718309859,0,11,284,5.648974238161206,8
1132,1615,0,1,0,0.13333333333333333,0,0,15,2.70805020110221,11
1133,4501,0,0,0,0.13793103448275862,1,20,29,3.367295829986474,1
1134,1630,0,1,0,0.3333333333333333,0,4,12,2.4849066497880004,12
1135,1488,0,0,0,0.25,1,20,12,2.4849066497880004,11
1136,4669,0,0,1,0.16,1,0,25,3.2188758248682006,11
1137,7614,0,1,0,0.20398009950248755,0,19,201,5.303304908059076,11
1138,1665,0,1,0,0.25,0,7,12,2.4849066497880004,11
1139,4472,0,0,0,0.1111111111111111,1,20,18,2.8903717578961645,1
1140,7138,0,1,0,0.2033898305084746,0,17,59,4.07753744390572,5
1141,5937,0,1,1,0.3793103448275862,0,20,29,3.367295829986474,8
1142,6091,0,0,1,0.21875,1,4,64,4.1588830833596715,11
1143,5934,0,1,0,0.26700251889168763,1,17,397,5.983936280687191,11
1144,4630,0,0,1,0.1625615763546798,0,1,203,5.313205979041787,11
1145,8332,0,1,0,0.08333333333333333,1,17,12,2.4849066497880004,16
1146,6038,0,0,0,0.1111111111111111,0,18,27,3.295836866004329,11
1147,4675,0,1,0,0.27586206896551724,0,3,29,3.367295829986474,11
1148,4458,0,0,0,0.2631578947368421,0,12,342,5.834810737062605,11
1149,7566,0,0,0,0.21568627450980393,0,12,102,4.624972813284271,11
1150,4560,0,1,0,0.16666666666666666,1,17,36,3.58351893845611,11
1151,4625,0,1,0,0.2,1,3,150,5.0106352940962555,11
1152,16828,0,0,0,0.22422680412371135,0,6,388,5.961005339623274,6
1153,19234,0,1,0,0.2878787878787879,0,7,198,5.288267030694535,1
1154,4654,1,1,0,0.24437299035369775,1,10,311,5.739792912179234,11
1155,4671,0,1,0,0.1797752808988764,1,17,89,4.48863636973214,11
1156,7569,1,1,0,0.1927710843373494,0,10,249,5.517452896464707,11
1157,7531,0,0,0,0.20610687022900764,0,18,131,4.875197323201151,11
1158,1765,0,0,0,0.3,0,0,10,2.302585092994046,5
1159,4508,0,1,0,0.20614035087719298,1,17,228,5.429345628954441,1
1160,6081,0,0,0,0.1111111111111111,1,3,18,2.8903717578961645,11
1161,16085,0,1,0,0.18867924528301888,0,3,53,3.970291913552122,2
1162,6909,0,0,1,0.6310679611650486,1,0,103,4.634728988229636,5
1163,10040,0,0,0,0.30201342281879195,0,16,149,5.003946305945459,8
1164,3150,0,0,1,0.16666666666666666,1,20,42,3.7376696182833684,11
1165,19172,1,1,0,0.1638655462184874,1,10,714,6.570882962339584,1
1166,9728,0,0,0,0.35294117647058826,0,7,306,5.723585101952381,8
1167,7909,0,0,0,0.2692913385826772,0,7,635,6.453624998892692,8
1168,3245,1,1,0,0.23484848484848486,0,10,132,4.882801922586371,4
1169,9875,0,1,1,0.0,0,13,1,0.0,8
1170,16619,0,0,0,0.27586206896551724,0,20,87,4.465908118654584,16
1171,5826,0,0,0,0.4166666666666667,0,13,48,3.871201010907891,8
1172,3936,0,0,0,0.4074074074074074,0,14,54,3.9889840465642745,8
1173,15636,0,1,1,0.0,1,16,1,0.0,1
1174,8032,0,0,0,0.32142857142857145,0,8,28,3.332204510175204,8
1175,7866,0,0,0,0.3888888888888889,1,1,54,3.9889840465642745,8
1176,2164,0,1,1,0.4153846153846154,0,7,195,5.272999558563747,8
1177,7971,0,0,0,0.0,0,2,3,1.0986122886681098,8
1178,7963,0,1,0,0.15254237288135594,0,7,590,6.380122536899765,1
1179,8108,0,1,0,0.14617169373549885,0,1,431,6.066108090103747,1
1180,8066,0,1,1,0.13610586011342155,0,3,529,6.270988431858299,1
1181,3836,0,0,0,0.1676470588235294,0,20,340,5.8289456176102075,8
1182,15909,0,1,0,0.15930388219544847,0,17,747,6.616065185132817,1
1183,11505,0,0,0,0.16938775510204082,0,14,490,6.194405391104672,1
1184,11959,1,1,0,0.15100671140939598,1,10,596,6.39024066706535,1
1185,11605,0,1,0,0.19923371647509577,0,13,522,6.257667587882639,1
1186,15312,0,1,0,0.14705882352941177,1,4,306,5.723585101952381,1
1187,11763,0,0,1,0.1323529411764706,1,17,204,5.318119993844216,1
1188,7035,0,0,0,0.34934497816593885,1,20,458,6.126869184114185,5
1189,1941,0,1,0,0.33136094674556216,0,4,169,5.1298987149230735,8
1190,8083,0,0,0,0.09523809523809523,1,5,63,4.143134726391533,1
1191,7939,0,1,1,0.0,0,19,6,1.791759469228055,8
1192,7760,0,0,0,0.0,0,2,2,0.6931471805599453,8
1193,15174,0,1,0,0.10743801652892562,0,16,242,5.488937726156687,1
1194,15419,0,1,0,0.19654427645788336,0,7,926,6.8308742346461795,1
1195,8048,0,1,0,0.14507772020725387,1,7,193,5.262690188904886,8
1196,8023,0,0,0,0.1111111111111111,0,18,117,4.762173934797756,1
1197,7075,0,0,0,0.2898550724637681,0,20,69,4.23410650459726,5
1198,7582,1,1,1,0.16337522441651706,0,10,557,6.322565239927284,11
1199,6983,0,1,1,0.35344827586206895,1,7,116,4.7535901911063645,5
1200,5839,0,0,0,0.339699863574352,0,1,733,6.597145701886651,8
1201,5381,0,0,0,0.24639580602883354,0,20,763,6.637258031284457,5
1202,7142,0,0,0,0.19205298013245034,0,1,151,5.017279836814924,5
1203,16306,0,1,0,0.1567291311754685,0,0,587,6.375024819828097,6
1204,7865,0,1,0,0.6486486486486487,0,20,37,3.6109179126442243,8
1205,14588,0,1,0,0.3939393939393939,0,4,33,3.4965075614664802,10
1206,7846,0,0,0,0.41818181818181815,0,12,55,4.007333185232471,8
